,answer,ans_grth,score
0,"Dalam Peraturan Otoritas Jasa Keuangan, yang dimaksud dengan:

1. Efek: Adalah surat berharga, yaitu surat pengakuan utang, surat berharga komersial, saham, obligasi, tanda bukti utang, unit penyertaan kontrak investasi kolektif, kontrak berjangka atas Efek, dan setiap derivatif dari Efek. (Peraturan Otoritas Jasa Keuangan tentang Penawaran yang Bukan Merupakan Penawaran Umum, Pasal 1 ayat 2).

2. Penawaran Umum: Adalah kegiatan penawaran efek yang dilakukan oleh Emiten untuk menjual efek kepada masyarakat berdasarkan tata cara yang diatur dalam Undang-Undang mengenai pasar modal dan peraturan pelaksanaannya. (Peraturan Otoritas Jasa Keuangan tentang Penawaran Umum, Pasal 1 ayat 1).

3. Emiten: Adalah pihak yang melakukan Penawaran Umum. (Peraturan Otoritas Jasa Keuangan tentang Penawaran Umum, Pasal 1 ayat 2).","""a. Efek adalah surat berharga, yaitu surat pengakuan 
utang, surat berharga komersial, saham, obligasi, tanda 
bukti utang, unit penyertaan kontrak investasi kolektif, 
kontrak berjangka atas Efek, dan setiap derivatif dari 
Efek. b. Penawaran Umum adalah kegiatan penawaran Efek yang 
dilakukan oleh emiten untuk menjual Efek kepada
masyarakat berdasarkan tata cara yang diatur dalam 
Undang-Undang Nomor 8 Tahun 1995 tentang Pasar 
Modal dan peraturan pelaksanaannya. c. Emiten adalah Pihak yang melakukan Penawaran Umum.",1
1,"Saya akan menjawab pertanyaan Anda berdasarkan informasi yang diberikan dalam konteks yang telah disediakan.

Dalam konteks yang diberikan, terdapat beberapa hal yang dilarang oleh perusahaan efek dalam rangka penawaran umum oleh emiten atau pemasaran efek. Berikut ini adalah hal-hal tersebut:

1. Peraturan Pasar Modal nomor 9 tahun 2017, Pasal 13 ayat (2): Efek, agent penjualan efek, afiliasi dari penjamin emisi efek, atau afiliasi dari agent penjualan efek dilarang menjual efek yang telah dibeli atau akan dibelinya berdasarkan perjanjian penjaminan emisi efek sampai dengan efek tersebut dicatatkan di Bursa Efek.
2. Konteks: ""dalam hal Prospektus mencantumkan nama pihak yang membantu Emiten dalam penyusunan Prospektus, pihak dimaksud harus membuat pernyataan oleh emiten dalam rangka penawaran umum atau perusahaan publik."" Jika pihak yang membantu emiten dalam penyusunan Prospektus tidak membuat pernyataan, maka hal tersebut dapat menjadi pelanggaran peraturan.

Selain itu, dalam konteks yang diberikan tidak ada informasi yang langsung menjelaskan apa yang dilarang oleh perusahaan efek dalam rangka penawaran umum oleh emiten atau pemasaran efek. Untuk mendapatkan informasi lebih lanjut, saya sarankan memeriksa peraturan lain yang berhubungan dengan topik ini.

Jawab:

Dalam konteks yang diberikan, ada dua hal yang dianggap di larangkan oleh perusahaan efek dalam rangka penawaran umum oleh emiten atau pemasaran efek. Pertama, pihak-pihak tertentu dilarang menjual efek yang telah dibeli atau akan dibelinya berdasarkan perjanjian penjaminan emisi efek sampai dengan efek tersebut dicatatkan di Bursa Efek (Peraturan Pasar Modal nomor 9 tahun 2017, Pasal 13 ayat (2)). Kedua, jika pihak yang membantu emiten dalam penyusunan Prospektus tidak membuat pernyataan, maka hal tersebut dapat menjadi pelanggaran peraturan. Namun, untuk mendapatkan informasi lebih lanjut, saya sarankan memeriksa peraturan lain yang berhubungan dengan topik ini.","""
""a. memuat informasi yang tidak benar atau tidak 
mengungkapkan fakta material, sehingga memberikan 
gambaran yang menyesatkan; dan/atau
b. memberikan gambaran yang menyesatkan, karena isi 
dan/atau metode penyajiannya memberikan kesan 
bahwa Efek tertentu tepat bagi Pihak tertentu yang 
sebenarnya tidak memiliki kemampuan yang cukup 
untuk menanggung risiko yang ada pada Efek tersebut.",1
2,"Based on the provided context, which is Peraturan Otoritas Jasa Keuangan Nomor 7/POJK.04/2","""
a. memuat informasi bahwa Efek tertentu yang dipromosikan hanya cocok untuk kelompok pemodal tertentu; dan b. mengungkapkan risiko yang berhubungan dengan investasi atas Efek tertentu dimaksud.",1
3,"Based on the provided context, which is Peraturan Otoritas Jasa Keuangan Republik Indonesia Nomor 7 /POJK.04/2","
Dalam hal promosi pemasaran Efek memuat pendapat, proyeksi, atau ramalan mengenai Efek tertentu, pendapat, proyeksi, atau ramalan mengenai Efek tertentu tersebut wajib diungkapkan secara jelas.",1
4,"Pasal 12 ayat (1), Pasal 104, dan Pasal 11 pemberlakukan aturan tentang pengenaan sanksi administratif oleh Otoritas Jasa Keuangan. Hal ini didasarkan pada beberapa context yang disediakan.","
Pasal 7 ayat (4) dan tindakan tertentu sebagaimana dimaksud dalam Pasal 8 kepada masyarakat.",1
5,"Pasal 3, Pasal 4, dan Pasal 5 dari Peraturan Otoritas Jasa Keuangan Republik Indonesia Nomor 7 /POJK.04/2019 tentang Promosi Pemasaran Efek termasuk Iklan, Brosur, atau Komunikasi Lainnya Kepada Publik menetapkan bahwa dalam hal promosi pemasaran efek, wajib memuat informasi tertentu. Berikut adalah informasi yang harus disertakan:

1. Pasal 3(1), promosi pemasaran efek wajib memuat informasi bahwa efek tertentu yang dipromosikan hanya cocok untuk kelompok pemodal tertentu dan mengungkapkan risiko yang berhubungan dengan investasi atas efek tersebut.
2. Pasal 4, dalam hal promosi pemasaran efek memuat rekomendasi untuk membeli, menjual, atau menahan efek tertentu, wajib memuat informasi sebagai berikut:
   a. Tanggal rekomendasi;
   b. Harga pasar pada saat rekomendasi dibuat;
   c. Pihak yang memberikan rekomendasi; dan
   d. Keterangan apakah pihak yang memberikan rekomendasi atau pihak terafiliasinya telah memperdagangkan efek tersebut untuk rekeningnya secara reguler atau memiliki efek tersebut dengan nilai paling sedikit Rp25.000.000,00.
3. Pasal 5, dalam hal promosi pemasaran efek memuat pendapat, proyeksi, atau ramalan mengenai efek tertentu, pendapat, proyeksi, atau ramalan tersebut wajib diungkapkan secara jelas.

Selain itu, dalam rangka Penawaran Umum, promosi pemasaran efek wajib memuat informasi bahwa pemodal hanya dapat melakukan pemesanan pembelian efek setelah pemodal dimaksud memperoleh Prospektus atau memperoleh kesempatan untuk membaca Prospektus, dan setelah Pernyataan Pendaftaran efektif (Pasal 6).","
a. tanggal rekomendasi; b. harga pasar pada saat rekomendasi dibuat; c. Pihak yang memberikan rekomendasi; dan d. keterangan apakah Pihak yang memberikan rekomendasi atau Pihak terafiliasinya telah memperdagangkan Efek tersebut untuk rekeningnya secara reguler atau memiliki Efek tersebut dengan nilai paling sedikit Rp25.000.000,00 (dua puluh lima juta rupiah).",1
6,Pasal 5 Peraturan Otoritas Jasa Keuangan Nomor 7/POJK.04/2,"
Dalam hal promosi pemasaran Efek memuat pendapat, proyeksi, atau ramalan mengenai Efek tertentu, pendapat, proyeksi, atau ramalan mengenai Efek tertentu tersebut wajib diungkapkan secara jelas.",0
7,"Pasal 77, Pasal 78 ayat (2), ayat (3), Pasal 13, dan ayat (1), (2), (3) yang dikenai sanksi administratif, mengacu pada Peraturan Nomor 21/POJK.04/2014 tentang Sanksi Administratif di Pasar Modal. Hal ini dimaksudkan dalam ayat (1) sebagai ""sanksi administratif"".

Sanksi administratif sebagaimana dimaksud dalam ayat (1) meliputi:
a. peringatan tertulis;
b. denda, yaitu kewajiban untuk membayar sejumlah uang tertentu;
c. pembatasan kegiatan usaha;
d. pembekuan kegiatan usaha;
e. pencabutan izin usaha;
f. pembatalan persetujuan; dan/atau
g. pembatalan pendaftaran.

Artikel ini diambil dari Peraturan Nomor 21/POJK.04/2014.","
a. peringatan tertulis; b. denda yaitu kewajiban untuk membayar sejumlah uang tertentu; c. pembatasan kegiatan usaha; d. pembekuan kegiatan usaha; e. pencabutan izin usaha; f. pembatalan persetujuan; dan/atau g. pembatalan pendaftaran.",0
8,"Pasal 107 Peraturan Otoritas Jasa Keuangan tahun 2020 menetapkan bahwa peraturan ini mulai berlaku pada tanggal dundangkannya, yaitu tanggal 25 Mei 2020.

Salinan sesuai dengan aslinya. Direktur Hukum 1 Departemen Hukum ttd Mufli Asmawidjaja. Ditetapkan di Jakarta pada tanggal 25 Mei 2020. KETUA DEWAN KOMISIONER OTORITAS JASA KEUANGAN REPUBLIK INDONESIA, ttd WIMBOH SANTOSO. Diundangkan di Jakarta pada tanggal 2 Juli 2020. MENTERI HUKUM DAN HAK ASASI MANUSIA REPUBLIK INDONESIA, ttd YASONNA H. LAOLY. LEMBARAN NEGARA REPUBLIK INDONESIA TAHUN 2020 NOMOR 161.","
""Peraturan Otoritas Jasa Keuangan ini mulai berlaku pada
tanggal diundangkan.",0
9,"Sesuai dengan Peraturan Otoritas Jasa Keuangan Nomor KEP-06/2014, yang dimaksud dengan:

1. Prospektus adalah setiap informasi tertulis sehubungan dengan Penawaran Umum dengan tujuan agar Pihak lain membeli Efek.
2. Prospektus Awal adalah dokumen tertulis yang memuat seluruh informasi dalam Prospektus yang disampaikan kepada Otoritas Jasa Keuangan sebagai bagian dari Pernyataan Pendaftaran, kecuali informasi mengenai nilai nominal, jumlah dan harga penawaran Efek, penjaminan emisi Efek, tingkat suku bunga obligasi, atau hal lain yang berhubungan dengan persyaratan penawaran yang belum dapat ditentukan.
3. Prospektus Ringkas adalah ringkasan dari isi Prospektus Awal.

Dalam undang-undang yang sama, prospektus digunakan sebagai alat untuk menyampaikan informasi kepada umum, sedangkan prospektus awal digunakan sebagai dasar untuk membuat prospektus ringkas.","""
Prospektus adalah setiap informasi tertulis sehubungan dengan Penawaran Umum dengan tujuan agar Pihak lain membeli Efek Emiten. Prospektus Awal adalah dokumen tertulis yang memuat seluruh informasi dalam Prospektus yang disampaikan kepada Otoritas Jasa Keuangan sebagai bagian dari pernyataan pendaftaran, kecuali informasi mengenai nilai nominal, jumlah dan harga penawaran Efek, penjaminan emisi Efek, tingkat suku bunga obligasi, atau hal lain yang berhubungan dengan persyaratan penawaran yang belum dapat ditentukan. Prospektus Ringkas adalah ringkasan dari isi Prospektus Awal. ",
10,"Dalam konteks dari Peraturan Otoritas Jasa Keuangan (OJK) Nomor 111/POJK.04/2011, Perusahaan Terbuka adalah emiten yang telah melakukan Penawaran Umum Efek bersifat ekuitas atau Perusahaan Publik. Sehingga, perusahaan terbuka adalah perusahaan yang sudah melakukan penawaran umum modal berupa saham secara public dan telah terdaftar di Bursa Efek Indonesia. Selain itu, dalam Peraturan Otoritas Jasa Keuangan (OJK) Nomor 10/POJK.04/2014, perusahaan terbuka juga termasuk perusahaan yang laporan keuangannya dikonsolidasikan dengan laporan keuangan perusahaan terbuka.","
Perusahaan Terbuka adalah emiten yang melakukan penawaran umum efek bersifat ekuitas atau perusahaan publik.",1
11,"Pemegang Saham Independen, sebagaimana dimaksud dalam Undang-Undang mengenai Pasar Modal, adalah pemegang saham yang tidak mempunyai kepentingan ekonomis pribadi sehubungan dengan suatu transaksi tertentu dan bukan merupakan anggota direksi, anggota dewan komisaris, pemegang saham utama, atau pengendali, serta bukan merupakan afiliasi dari anggota direksi, anggota dewan komisaris, pemegang saham utama, atau pengendali. Hal ini dimaksudkan untuk memastikan adanya pemantauan independen terhadap kegiatan perusahaan dan melindungi kepentingan umum pemegang saham. Arti dari istilah ini dapat ditemukan dalam Pasal 1 ayat 9, Pasal 10 ayat 4, Pasal 11 ayat 3, dan Pasal 13 ayat 5 dari Undang-Undang Nomor 8 Tahun 1995 tentang Pasar Modal.","
Pemegang Saham Independen adalah pemegang saham yang tidak mempunyai kepentingan ekonomis pribadi sehubungan dengan suatu transaksi tertentu dan  a. bukan merupakan anggota Direksi, anggota Dewan Komisaris, pemegang saham utama, dan Pengendali; atau b. bukan merupakan afiliasi dari anggota Direksi, anggota Dewan Komisaris, pemegang saham utama, dan Pengendali.",1
12,"Based on the provided context, the regulation regarding the convening of a General Meeting of Shareholders (RUPS) in Indonesia is regulated by the Financial Services Authority (OJK) in the Regulation of the OJK No. 32/POJK.04/2014 concerning the Planning and Conduct of the General Meeting of Shareholders of Public Companies.

In relation to the question about when a public company must hold a RUPS if the approved plan in the RUPS has not been implemented within a certain period, it is regulated in Article 83 (1) of the aforementioned regulation.

Article 83 (1) states: ""If the approved plan of a public company as referred to in Article 64 has not been implemented within a certain period, the public company must hold a RUPS.""

Therefore, the public company must hold a RUPS if the approved plan has not been implemented within a certain period. However, the regulation does not specify the exact time frame for holding the RUPS in this situation. It is possible that the regulation leaves it to the discretion of the company to determine the appropriate time to hold the RUPS, or it may be regulated in other provisions of the regulation.","
Perusahaan Terbuka wajib menyelenggarakan RUPS Tahunan paling lambat 6 (enam) bulan setelah tahun buku berakhir.",1
13,"Pasal 3 ayat (1) UU No. 8 Tahun 1995 Tentang Perusahaan Terbuka (disertai Perubahan terakhir Tahun 2017) menyebutkan bahwa penyelenggaraan RUPS (Rapat Umum Pemegang Saham) dapat dilakukan atas permintaan:

a. 1 (satu) orang atau lebih pemegang saham yang bersama-sama mewakili 1/10 (satu persepuluh) atau lebih dari jumlah seluruh saham dengan hak suara, kecuali anggaran dasar menentukan suatu jumlah yang lebih kecil; atau

b. Dewan Komisaris.

Hal ini berarti, ada dua jenis permintaan penyelenggaraan RUPS, yaitu permintaan dari:

1. Pemegang saham yang bersama-sama mewakili 1/10 atau lebih dari jumlah seluruh saham dengan hak suara, kecuali jika anggaran dasar menentukan jumlah yang lebih kecil.
2. Dewan Komisaris.","
a. dilakukan dengan itikad baik; b. mempertimbangkan kepentingan Perusahaan Terbuka; c. merupakan permintaan yang membutuhkan keputusan RUPS; d. disertai dengan alasan dan bahan terkait hal yang harus diputuskan dalam RUPS; dan e. tidak bertentangan dengan ketentuan peraturan perundang-undangan dan anggaran dasar Perusahaan Terbuka",1
14,"Based on the provided context, the directions are mainly regulated by Financial Services Authority (OJK) Regulation No. 33/POJK.04/2014 on the Board of Directors of Public Companies, especially Articles 12, 55, and 13. Here are the main duties and responsibilities of the Directors:

1. Managing the company in the best interest of the company and its stakeholders in accordance with the company's purpose and objectives as stated in the articles of association (Article 12(1)).
2. Conducting annual general meeting of shareholders (RUPS) and other meetings as stipulated by laws and regulations and the articles of association (Article 12(2)).
3. Each Director must perform their duties with utmost good faith, responsibility, and care (Article 12(3)).
4. The Board of Directors may establish committees to support the effectiveness of their duties (Article 55(1)).
5. The Board of Directors is responsible for evaluating the performance of the committees annually (Article 55(4)).
6. Directors are liable for any losses incurred by the company due to their errors or negligence in performing their duties (Article 13(1)).
7. Directors cannot be held responsible for the losses incurred by the company if they can prove that the losses were not due to their errors or negligence, they have acted in good faith, with due care and responsibility, without any conflict of interest, and have taken steps to prevent or mitigate the losses (Article 13(2)).
8. Directors who oversee the application of the Anti-Money Laundering and Counter-Terrorism Financing (AML/CFT) program, including the assessment of high-risk customers or Politically Exposed Persons (PEPs), are responsible for setting policies and procedures, monitoring implementation, and reporting to the relevant authorities (Article 21).
9. Directors are responsible for implementing the reporting obligations to the Financial Transaction Reports and Analysis Center (PPATK) in accordance with the applicable laws and regulations (Article 21).","
(1) Direksi wajib melakukan pengumuman RUPS kepada pemegang saham paling lambat 15 (lima belas) hari terhitung sejak tanggal permintaan penyelenggaraan RUPS sebagaimana dimaksud dalam Pasal 3 ayat (1) diterima Direksi. (2) Direksi wajib menyampaikan pemberitahuan mata acara rapat dan surat tercatat sebagaimana dimaksud dalam Pasal 3 ayat (2) dari pemegang saham atau Dewan Komisaris kepada Otoritas Jasa Keuangan paling lambat 5 (lima) hari kerja sebelum pengumuman sebagaimana dimaksud pada ayat (1).",0
15,"Pasal 4 ayat (1) dari context yang dimaksud menetapkan bahwa Direksi wajib melakukan pengumuman RUPS (Rapat Umum Pemegang Saham) kepada pemegang saham paling lambat 15 (lima belas) hari terhitang sejak tanggal permintaan penyelenggaraan RUPS diterima oleh Direksi. Hal ini didasarkan pada Pasal 3 ayat (1) huruf a, yang menentukan bahwa pemegang saham dapat meminta penyelenggaraan RUPS.

Selain itu, Pasal 5 (1) menetapkan bahwa jika Direksi tidak melakukan pengumuman RUPS sebagaimana dimaksud dalam Pasal 4 ayat (1) atas usulan pemegang saham sebagaimana dimaksud dalam Pasal 3 ayat (1) huruf a dalam jangka waktu paling lambat 15 (lima belas) hari terhitang sejak tanggal permintaan penyelenggaraan RUPS diterima oleh Direksi, maka Direksi wajib mengumumkan: a. terdapat permintaan penyelenggaraan RUPS dari pemegang saham yang tidak diselenggarakan; dan b. alasan tidak diselenggarakannya RUPS.

Dalam hal ini, yang dimaksud dengan ""RUPS"" adalah Rapat Umum Pemegang Saham, yaitu rapat yang diselenggarakan oleh perusahaan terbuka atau perusahaan publik untuk mengambil keputusan atas urusan yang penting.

Jadi, secara garis besar, apa yang wajib diumumkan oleh Direksi sesuai dengan Pasal 4 ayat (1) adalah informasi mengenai pengumuman RUPS kepada pemegang saham. Hal ini meliputi informasi mengenai tanggal, waktu, tempat, dan agenda dari RUPS, serta cara untuk mengkonfirmasi kehadiran atau mengundi jika rapat dilakukan secara tertulis. Selain itu, Direksi juga wajib mengumumkan alasan apabila tidak dapat melakukan pengumuman RUPS sesuai dengan jangka waktu yang ditentukan.","
a. terdapat permintaan penyelenggaraan RUPS dari pemegang saham yang tidak diselenggarakan; dan b. alasan tidak diselenggarakannya RUPS.",1
16,"Based on the provided context, the relevant regulation is the Regulation of the Financial Services Authority (OJK) regarding the Implementation of the General Meeting of Shareholders of Public Companies.

In relation to your question, ""What is the deadline for shareholders who have obtained a court decision to hold a General Meeting of Shareholders (RUPS) to start counting the 60-day period as referred to in Article 147 paragraph (1)"", the answer is as follows:

Article 147 paragraph (1) of the aforementioned regulation states that the 60-day period for shareholders who have obtained a court decision to hold a RUPS starts counting from the date of the announcement of the notification to the shareholders. However, the specific article regarding the announcement of the notification to the shareholders who have obtained a court decision is not provided in the context.

Therefore, I cannot provide a specific article number for the regulation related to the announcement of the notification to the shareholders who have obtained a court decision. My apologies for any inconvenience this may cause.","
Pemegang saham yang telah memperoleh penetapan pengadilan untuk menyelenggarakan RUPS sebagaimana dimaksud dalam Pasal 6 ayat (2) wajib menyelenggarakan RUPS.",1
17,"Pasal 11 Peraturan Nomor KEP-13/PN/2018 tentang Pengawasan Perseroan Terbuka dan Perusahaan Terbatas mengatur mengenai tempat dan waktu penyelenggaraan RUPS (Rapat Umum Pemegang Saham). Berikut adalah isi dari Pasal 11:

Pasal 11 (1) RUPS wajib diselenggarakan di wilayah Negara Republik Indonesia.

(2) Perusahaan Terbuka wajib menentukan tempat dan waktu penyelenggaraan RUPS.

(3) Tempat penyelenggaraan RUPS sebagaimana dimaksud pada ayat (2) wajib dilakukan di: a. tempat kedudukan Perusahaan Terbuka; b. tempat Perusahaan Terbuka melakukan kegiatan usaha utamanya; c. ibukota provinsi tempat kedudukan atau tempat kegiatan usaha utama Perusahaan Terbuka; atau d. provinsi tempat kedudukan bursa efek yang mencatatkan saham Perusahaan Terbuka.

Dalam hal ini, kami hanya memuatkan beberapa bagian dari Pasal 11 yang relevan dengan pertanyaan yang diajukan. Untuk lebih lengkapnya, silakan baca Peraturan Nomor KEP-13/PN/2018 tentang Pengawasan Perseroan Terbuka dan Perusahaan Terbatas.","
Tempat dan Waktu Penyelenggaraan RUPS Pasal 11 (1) RUPS wajib diselenggarakan di wilayah Negara Republik Indonesia. (2) Perusahaan Terbuka wajib menentukan tempat dan waktu penyelenggaraan RUPS. (3) Tempat penyelenggaraan RUPS sebagaimana dimaksud pada ayat (2) wajib dilakukan di: a. tempat kedudukan Perusahaan Terbuka; b. tempat Perusahaan Terbuka melakukan kegiatan usaha utamanya; c. ibukota provinsi tempat kedudukan atau tempat kegiatan usaha utama Perusahaan Terbuka; atau d. provinsi tempat kedudukan bursa efek yang mencatatkan saham Perusahaan Terbuka.",1
18,"Pasal 11, 12, 21, dan 22 dari Peraturan Otoritas Jasa Keuangan (OJK) Nomor 32/POJK.04/2014 tentang Penyelenggaraan Rapat Umum Pemegang Saham Perusahaan Terbuka (RUPS) menetapkan beberapa kewajiban perusahaan terbuka dalam memenuhi ketentuan penyelenggaraan RUPS. Berikut adalah ringkasan kewajiban perusahaan terbuka:

1. Tempat dan waktu penyelenggaraan RUPS wajib ditentukan oleh perusahaan terbuka (Pasal 11 (2)). Tempat penyelenggaraan RUPS dapat dilakukan di tempat kedudukan perusahaan terbuka, tempat kegiatan usaha utamanya, ibukota provinsi tempat kedudukan atau tempat kegiatan usaha utama perusahaan terbuka, atau provinsi tempat kedudukan bursa efek yang mencatatkan saham perusahaan terbuka (Pasal 11 (3)).
2. Perusahaan terbuka wajib memenuhi tiga prosedur penyelenggaraan RUPS, yaitu: menyampaikan pemberitahuan mata acara rapat kepada Otoritas Jasa Keuangan, melakukan pengumuman RUPS kepada pemegang saham, dan melakukan pemanggilan RUPS kepada pemegang saham (Pasal 12 (1)).
3. Jika perusahaan terbuka melakukan perubahan kegiatan usaha, wajib memperoleh persetujuan RUPS, menggunakan penilai untuk melakukan studi kelayakan atas perubahan kegiatan usaha, mengumumkan keterbukaan informasi mengenai rencana perubahan kegiatan usaha kepada pemegang saham bersamaan dengan pengumuman RUPS, menyediakan data tentang perubahan kegiatan usaha tersebut bagi pemegang saham sejak saat pengumuman RUPS, dan menyampaikan keterbukaan informasi sebagaimana dimaksud dalam huruf c dan dokumen pendukungnya kepada Otoritas Jasa Keuangan paling lambat pada saat pengumuman RUPS (Pasal 22 (1)).
4. Perusahaan terbuka wajib melakukan RUPS dengan melakukan persiapan seperti yang dimaksud dalam Pasal 12 (Pasal 21 (1)).
5. Perusahaan terbuka dapat melaksanakan RUPS secara elektronik dengan menggunakan e-RUPS yang disediakan oleh Penyedia e-RUPS atau sistem yang disediakan oleh pihak lain (Pasal 3 dan 4).

Kewajiban lain mungkin masih ada dalam peraturan tersebut, tetapi yang saya tuliskan di atas adalah yang paling relevan dengan pertanyaan yang diajukan.","
a. menyampaikan pemberitahuan mata acara rapat kepada Otoritas Jasa Keuangan; b. melakukan pengumuman RUPS kepada pemegang saham; dan c. melakukan pemanggilan RUPS kepada pemegang saham.",0
19,"Based on the provided context, specifically Pasal 14 (1) of the regulation, a Perusahaan Terbuka (Public Company) is required to make a RUPS (General Meeting of Shareholders) announcement to the shareholders at the latest 14 (fourteen) days before the RUPS call. The RUPS announcement must include at least:

a. The shareholders who are entitled to attend the RUPS.
b. The shareholders who are entitled to propose items on the RUPS agenda.

Therefore, the pengumuman RUPS as mentioned in Pasal 53 (1) refers to the announcement that includes the above-mentioned information.","
a. ketentuan pemegang saham yang berhak hadir dalam RUPS; b. ketentuan pemegang saham yang berhak mengusulkan mata acara rapat; c. tanggal penyelenggaraan RUPS; dan d. tanggal pemanggilan RUPS.",0
20,"Pasal 2 Peraturan Otoritas Jasa Keuangan Nomor KEP-01/2016 tentang Transaksi Material dan Perubahan Kegiatan Usaha menjelaskan bahwa Transaksi Material adalah setiap transaksi yang dilakukan oleh perusahaan terbuka atau perusahaan terkendali yang memenuhi batasan nilai sebagaimana diatur dalam Peraturan Otoritas Jasa Keuangan. Contoh Transaksi Material antara lain termasuk penyertaan dalam badan usaha, proyek, dan/atau kegiatan usaha tertentu, pembelian, penjualan, pengalihan, penggunaan, tukar-menukar aset atau segmen operasi, perolehan, pelepasan, dan/atau penggunaan jasa, sewa-menyewa aset, pinjam-meminjam dana termasuk pengalihannya, menjamin aset Perusahaan Terbuka dan/atau Perusahaan Terkendali atas pinjaman dari pihak lain, dan memberikan jaminan perusahaan. Hal ini meliputi juga Restrukturisasi yang telah memperoleh persetujuan dari Kementerian yang membawahi perusahaan dalam pengendalian pemerintah. Selain itu, Pasal 13 ayat (1) menjelaskan bahwa Transaksi Material yang merupakan Kegiatan Usaha adalah transaksi yang akan dilaksanakan secara rutin, berulang, dan/atau berkelanjutan dalam rangka menjalankan Kegiatan Usaha baru yang akan menghasilkan pendapatan usaha dan telah mendapat persetujuan RUPS terkait perubahan Kegiatan Usaha.","
Transaksi Material adalah setiap transaksi yang dilakukan oleh perusahaan terbuka atau perusahaan terkendali yang memenuhi batasan nilai sebagaimana diatur dalam Peraturan Otoritas Jasa Keuangan ini.",1
21,"Halaman 1 Paragraf 3 Pasal 3 dari Peraturan Otoritas Jasa Keuangan (OJK) Nomor 21/POJK.04/2015 tentang Penetapan Batasan Nilai Transaksi Material sebuah Perusahaan Terbuka menetapkan bahwa:

""Suatu transaksi dikategorikan sebagai Transaksi Material apabila nilai transaksi sama dengan 20% (dua puluh persen) atau lebih dari ekuitas Perusahaan Terbuka.""

Halaman 1 Paragraf 2 Pasal 3 juga menetapkan kriteria tambahan dalam melakukan transaksi material dalam hal perolehan dan pelepasan atas perusahaan atau segmen operasi, yaitu:

a. Nilai transaksi sama dengan 20% (dua puluh persen) atau lebih dari ekuitas Perusahaan Terbuka.
b. Total aset yang menjadi objek transaksi dibagi total aset Perusahaan Terbuka nilainya sama dengan atau lebih dari 20% (dua puluh persen).
c. Laba bersih objek transaksi dibagi dengan laba bersih Perusahaan Terbuka nilainya sama dengan atau lebih dari 20% (dua puluh persen).
d. Pendapatan usaha objek transaksi dibagi dengan pendapatan usaha Perusahaan Terbuka nilainya sama dengan atau lebih dari 20% (dua puluh persen).

Halaman 1 Paragraf 3 Pasal 4 menetapkan kriteria transaksi material khusus untuk Perusahaan Terbuka yang memiliki ekuitas negatif, yaitu:

""Dalam hal transaksi sebagaimana dimaksud pada ayat (1) dan ayat (2) dilakukan oleh Perusahaan Terbuka yang mempunyai ekuitas negatif, transaksi dikategorikan sebagai Transaksi Material apabila nilai transaksi sama dengan 10% (sepuluh persen) atau lebih dari total aset Perusahaan Terbuka.""

Halaman 2 Pasal 4 juga menetapkan bahwa nilai transaksi material dihitung berdasarkan laporan keuangan yang terkini dan wajib disampaikan ke Otoritas Jasa Keuangan jika belum disampaikan. Jangka waktu antara laporan keuangan dan perhitungan nilai transaksi material wajib paling lama 12 (dua belas) hari.","
Suatu transaksi dikategorikan sebagai Transaksi Material apabila nilai transaksi sama dengan 20% (dua puluh persen) atau lebih dari ekuitas Perusahaan Terbuka.",1
22,"Pasal 12, Pasal 19, dan Bagian Ketiga Prosedur Pasal 6 (1) dari Peraturan Otoritas Jasa Keuangan yang relevan dengan pertanyaan Anda menentukan bahwa Perusahaan Terbuka yang akan melakukan Transaksi Material wajib:

1. Menggunakan Penilai untuk menentukan nilai wajar dari objek Transaksi Material dan/atau kewajaran transaksi (Bagian Ketiga Prosedur Pasal 6 (1) a).
2. Mengumumkan keterbukaan informasi atas setiap Transaksi Material kepada masyarakat (Bagian Ketiga Prosedur Pasal 6 (1) b).
3. Menyampaikan keterbukaan informasi sebagaimana dimaksud dalam huruf b dan dokumen pendukungnya kepada Otoritas Jasa Keuangan (Bagian Ketiga Prosedur Pasal 6 (1) c).
4. Memperoleh persetujuan RUPS dalam hal Transaksi Material tertentu (Bagian Ketiga Prosedur Pasal 6 (1) d).
5. Melaporkan Transaksi Material kepada Otoritas Jasa Keuangan paling lambat pada akhir hari kerja ke-2 (kedua) setelah tanggal Transaksi Material (Pasal 13 (3)).
6. Mengungkapkan Transaksi Material dalam laporan tahunan atau laporan keuangan tahunan Perusahaan Terbuka, yang mencakup informasi objek transaksi, pihak yang bertransaksi, dan nilai transaksi (Pasal 13 (2) dan (3)).
7. Dalam hal Transaksi Material merupakan transaksi afiliasi, menambahkan informasi seperti hubungan dan sifat hubungan afiliasi dari para pihak yang melakukan Transaksi Material dengan Perusahaan Terbuka, serta penjelasan, pertimbangan, dan alasan dilakukannya transaksi tersebut (Pasal 19).

Juga, sebagaimana diminta dalam Pasal 12, Perusahaan Terbuka yang akan melakukan Transaksi Material wajib menggunakan Penilai dan mengumumkan keterbukaan informasi atas setiap Transaksi Material kepada masyarakat, serta menyampaikan keterbukaan informasi sebagaimana dimaksud dalam huruf b dan dokumen pendukungnya kepada Otoritas Jasa Keuangan, minimal 12 (dua belas) bulan sebelum tanggal transaksi dilaksanakan.","
a. menggunakan Penilai untuk menentukan nilai wajar dari objek Transaksi Material dan/atau kewajaran transaksi dimaksud; b. mengumumkan keterbukaan informasi atas setiap Transaksi Material kepada masyarakat; c. menyampaikan keterbukaan informasi sebagaimana dimaksud dalam huruf b dan dokumen pendukungnya kepada Otoritas Jasa Keuangan; d. terlebih dahulu memperoleh persetujuan RUPS dalam hal: 1. Transaksi Material sebagaimana dimaksud dalam Pasal 3 ayat (1) dan ayat (2) lebih dari 50% (lima puluh persen); 2. Transaksi Material sebagaimana dimaksud dalam Pasal 3 ayat (3) lebih dari 25% (dua puluh lima persen); atau 3. laporan Penilai menyatakan bahwa Transaksi Material yang akan dilakukan tidak wajar; dan - 6 - e. melaporkan hasil pelaksanaan Transaksi Material pada laporan tahunan.",0
23,Pasal 2 ayat (2) huruf c Peraturan Otoritas Jasa Keuangan (OJK) Nomor PER-06/BAP/2014 tentang Keterbukaan atas Informasi atau Fakta Material oleh Emiten atau Perusahaan Publik menyatakan bahwa Informasi atau Fakta Material wajib memuat uraian Informasi atau Fakta Material. Hal ini berarti bahwa setiap informasi atau fakta yang disampaikan kepada Otoritas Jasa Keuangan dan masyarakat wajib memuat rincian atau deskripsi tentang informasi atau fakta tersebut.,"
a. penjelasan, pertimbangan, dan alasan dilakukannya perubahan Kegiatan Usaha; b. informasi keuangan segmen operasi; c. analisis manajemen atas kerugian segmen operasi; d. pernyataan manajemen bahwa pengurangan tersebut tidak mengganggu kelangsungan usaha Perusahaan Terbuka; dan e. tanggal keputusan perubahan Kegiatan Usaha.",1
24,"Pasal 1 dari Peraturan Otoritas Jasa Keuangan (OJK) Nomor PER-03/BAP/2014 tentang Transaksi Material dan Perubahan Kegiatan Usaha menyebutkan bahwa Transaksi Material adalah setiap transaksi yang dilakukan oleh Perusahaan Terbuka atau Perusahaan Terkendali yang memenuhi batasan nilai sebagaimana diatur dalam Peraturan OJK mengenai transaksi material dan perubahan kegiatan usaha.

Sedangkan dalam hal transaksi sebagaimana dimaksud pada ayat (1) dan ayat (2) dilakukan oleh Perusahaan Terbuka yang mempunyai ekuitas negatif, transaksi dikategorikan sebagai Transaksi Material apabila nilai transaksi sama dengan 10% (sepuluh persen) atau lebih dari total aset Perusahaan Terbuka (Pasal 4 (1)).

Oleh karena itu, transaksi material dapat dilakukan oleh Perusahaan Terbuka atau Perusahaan Terkendali yang memenuhi batasan nilai yang ditetapkan oleh OJK. Namun, jika Perusahaan Terbuka mempunyai ekuitas negatif, maka transaksi dikategorikan sebagai Transaksi Material apabila nilai transaksi sama dengan 10% atau lebih dari total aset Perusahaan Terbuka.","
a. Perusahaan Terkendali yang bukan merupakan Perusahaan Terbuka dan laporan keuangannya dikonsolidasikan dengan Perusahaan Terbuka, Perusahaan Terbuka wajib melakukan prosedur sebagaimana diatur dalam Peraturan Otoritas Jasa Keuangan ini; atau b. Perusahaan Terkendali yang merupakan Perusahaan Terbuka dan laporan keuangannya dikonsolidasikan dengan Perusahaan Terbuka, hanya Perusahaan Terkendali dimaksud yang wajib melakukan prosedur sebagaimana diatur dalam Peraturan Otoritas Jasa Keuangan ini.",1
25,"Sesuai dengan Peraturan Nomor I-A Tentang Pencatatan Saham Dan Efek Berisi Ekuitas Selain Saham Yang Diterbitkan Oleh Perusahaan Tercatat PT Bursa Efek Indonesia, pasal 1 huruf I.1, afiliasi terdiri dari beberapa jenis hubungan, yaitu:

a. Hubungan keluarga karena perkawinan dan keturunan sampai derajat kedua, baik secara horizontal maupun vertikal.

b. Hubungan antara pihak dengan pegawai, direktur, atau komisaris dari pihak tersebut.

c. Hubungan antara 2 (dua) perusahaan di mana terdapat 1 (satu) atau lebih anggota direksi atau dewan komisaris yang sama.

d. Hubungan antara perusahaan dan pihak, baik langsung maupun tidak langsung, mengendalikan atau dikendalikan.

e. Hubungan antara 2 (dua) perusahaan yang dikendalikan, baik langsung maupun tidak langsung.

Sedangkan, sesuai dengan Undang-Undang Nomor 8 Tahun 1995 tentang Pasar Modal, Pasal 1, afiliasi juga terdiri dari beberapa jenis hubungan, yaitu:

a. Hubungan keluarga karena perkawinan sampai dengan derajat kedua, baik secara horizontal maupun vertikal.

b. Hubungan keluarga karena keturunan sampai dengan derajat kedua, baik secara horizontal maupun vertikal.

Serta, sesuai dengan Peraturan Otoritas Jasa Keuangan Tentang Transaksi Afiliasi Dan Transaksi Benturan Kepentingan, Pasal 1, afiliasi terdiri dari beberapa jenis hubungan, yaitu:

a. Hubungan keluarga karena perkawinan dan keturunan sampai derajat kedua, baik secara horizontal maupun vertikal.

b. Hubungan antara pihak dengan pegawai, direktur, atau komisaris dari pihak tersebut.

c. Hubungan antara 2 (dua) perusahaan di mana terdapat 1 (satu) atau lebih anggota direksi atau dewan komisaris yang sama.

d. Hubungan antara perusahaan dan pihak, baik langsung maupun tidak langsung, mengendalikan atau dikendalikan.","
Afiliasi adalah: a. hubungan keluarga karena perkawinan dan keturunan sampai derajat kedua, baik secara horizontal maupun vertikal; b. hubungan antara pihak dengan pegawai, direktur, atau komisaris dari pihak tersebut; c. hubungan antara 2 (dua) perusahaan di mana terdapat 1 (satu) atau lebih anggota direksi atau dewan komisaris yang sama; d. hubungan antara perusahaan dan pihak, baik langsung maupun tidak langsung, mengendalikan atau dikendalikan oleh perusahaan tersebut; e. hubungan antara 2 (dua) perusahaan yang dikendalikan, baik langsung maupun tidak langsung, oleh pihak yang sama; atau f. hubungan antara perusahaan dan pemegang saham utama.",1
26,"Pasal 2, 4, 7, 8, dan 22 dari Peraturan Otoritas Jasa Keuangan (OJK) Nomor 33/POJK.04/2014 tentang Transaksi Afiliasi menetapkan hal-hal yang wajib dilakukan oleh Perusahaan Terbuka saat melakukan Transaksi Afiliasi. Berikut adalah rinciannya:

1. Memiliki prosedur yang memadai untuk memastikan bahwa Transaksi Afiliasi dilaksanakan sesuai dengan praktik bisnis yang umum (Pasal 2).
2. Menyimpan dokumen terkait pelaksanaan prosedur Transaksi Afiliasi selama waktu penyimpanan dokumen sesuai dengan ketentuan peraturan perundang-undangan (Pasal 2).
3. Menggunakan Penilai untuk menentukan nilai wajar dari objek Transaksi Afiliasi dan/atau kewajaran transaksi (Pasal 4).
4. Mengumumkan keterbukaan informasi atas setiap Transaksi Afiliasi kepada masyarakat (Pasal 4).
5. Menyampaikan keterbukaan informasi dan dokumen pendukungnya kepada Otoritas Jasa Keuangan (Pasal 4).
6. Memperoleh persetujuan Pemegang Saham Independen dalam RUPS, dalam hal nilai Transaksi Afiliasi memenuhi batasan nilai transaksi material yang wajib memperoleh persetujuan (Pasal 4).
7. Melaporkan Transaksi Afiliasi kepada Otoritas Jasa Keuangan paling lambat pada akhir hari kerja ke-2 setelah tanggal Transaksi Afiliasi (Pasal 4 dan 7).
8. Tidak wajib melakukan prosedur sebagaimana dimaksud dalam Pasal 3 serta tidak wajib memenuhi ketentuan sebagaimana dimaksud dalam Pasal 11, dalam hal Perusahaan Terbuka merupakan lembaga jasa keuangan dalam kondisi tertentu (Pasal 7).
9. Melaksanakan prosedur sebagaimana dimaksud dalam Pasal 11 ayat (1), dalam hal Transaksi Afiliasi dan/atau Transaksi Benturan Kepentingan yang dapat mengakibatkan terganggunya kelangsungan usaha Perusahaan Terbuka (Pasal 22).

Demikianlah jawaban mengenai hal-hal yang wajib dilakukan Perusahaan Terbuka saat melakukan Transaksi Afiliasi, mengacu pada beberapa Pasal dari Peraturan Otoritas Jasa Keuangan Nomor 33/POJK.04/2014.","
Perusahaan Terbuka yang melakukan Transaksi Afiliasi wajib: a. menggunakan Penilai untuk menentukan nilai wajar dari objek Transaksi Afiliasi dan/atau kewajaran transaksi dimaksud; b. mengumumkan keterbukaan informasi atas setiap Transaksi Afiliasi kepada masyarakat; - 6 - c. menyampaikan keterbukaan informasi sebagaimana dimaksud dalam huruf b dan dokumen pendukungnya kepada Otoritas Jasa Keuangan; dan d. terlebih dahulu memperoleh persetujuan Pemegang Saham Independen dalam RUPS, dalam hal: 1. nilai Transaksi Afiliasi memenuhi batasan nilai transaksi material yang wajib memperoleh persetujuan RUPS; 2. Transaksi Afiliasi yang dapat mengakibatkan terganggunya kelangsungan usaha Perusahaan Terbuka; dan/atau 3. melakukan Transaksi Afiliasi yang berdasarkan pertimbangan Otoritas Jasa Keuangan memerlukan persetujuan Pemegang Saham Independen.",1
27,"Pasal yang relevan terkait sanksi administratif adalah Pasal 43, Pasal 12, Pasal 100, dan Bagian Sembilan Sanksi Administratif (Pasal 41) dari kapital market regulation di Indonesia.

Dalam Pasal 43, ditetapkan bahwa setiap pihak yang melanggar ketentuan sebagaimana dimaksud dalam beberapa pasal lainnya dikenai sanksi administratif. Di sini, sanksi administratif berupa peringatan (artikel 43 ayat 1 dan 43 ayat 2).

Sedangkan Pasal 12 menetapkan bahwa pihak yang melanggar ketentuan sebagaimana dimaksud dalam pasal tertentu dikenai sanksi administratif berupa denda masing-masing sebesar Rp100.000,00 (seratus ribu rupiah) per hari kerja dan paling banyak Rp5.000.000,00 (lima juta rupiah) per laporan, atau teguran tertulis atau peringatan tertulis yang disertai batas waktu perbaikan (artikel 12 ayat 2 dan 12 ayat 3).

Pasal 100 menetapkan bahwa setiap pihak yang melakukan pelanggaran dan/atau menyebabkan pelanggaran ketentuan tertentu dikenai sanksi administratif sebagaimana dimaksud dalam Pasal 93 dan/atau tindakan tertentu sebagaimana dimaksud (artikel 100).

Sedangkan Bagian Sembilan Sanksi Administratif (Pasal 41) menetapkan bahwa penyelenggara yang melanggar ketentuan tertentu dikenai sanksi administratif berupa peringatan tertulis, pembatasan kegiatan usaha, dan/atau pencabutan izin (artikel 41 ayat 1 dan 41 ayat 2).

Oleh karena itu, setiap pihak yang melanggar ketentuan dikenai sanksi administratif dapat berupa peringatan, denda, pembatasan kegiatan usaha, atau pencabutan izin, tergantung pada pasal yang dikaitkan.","
Setiap pihak yang melanggar ketentuan sebagaimana dimaksud dalam Pasal 2, Pasal 3, Pasal 4 ayat (1), ayat (2), ayat (3), dan ayat (4), Pasal 6 ayat (2), Pasal 7 ayat (3), Pasal 8 ayat (3), Pasal 9, Pasal 10, Pasal 11 ayat (1), ayat (2), ayat (3), dan ayat (4), Pasal 12 ayat (2), Pasal 13 ayat (3), Pasal 15, Pasal 16, Pasal 17, Pasal 18, Pasal 19, Pasal 21, Pasal 22, Pasal 24, Pasal 25, dan Pasal 26 dikenai sanksi administratif.",1
28,"Pasal 26 Ayat (1) menyebutkan bahwa ""spesimen tanda tangan"" adalah tanda tangan yang dituangkan secara basah dan/atau yang dituangkan pada perangkat elektronik. Contoh dari tanda tangan ini antara lain tanda tangan yang dituangkan secara langsung pada layar perangkat keras milik Penjamin Jaminan Kredit (PJK) atau Calon Nasabah yang sedang mengakses perangkat lunak milik PJK atau milik pihak ketiga yang telah bekerjasama dengan PJK dalam rangka verifikasi melalui mekanisme pertemuan tatap muka secara elektronik atau verifikasi melalui mekanisme tidak tatap muka secara elektronik.

Sesuai dengan Pasal 26 Ayat (2), contoh dokumen keimigrasian yang dimaksud adalah kartu izin tinggal.

Selain itu, dalam ayat yang sama, juga menyebutkan bahwa ""diaspora Indonesia atau masyarakat Indonesia di luar negeri"" merupakan salah satu kriteria dari Calon Nasabah yang membutuhkan verifikasi tertulis.

Sesuai dengan context yang disampaikan, tidak ada informasi lebih lanjut mengenai dokumen apa yang dimaksud dalam ayat 1 huruf c.","
Dokumen sebagaimana dimaksud pada ayat (1) huruf c harus meliputi: - 7 - a. laporan Penilai; dan b. dokumen pendukung lainnya.",1
29,"Pasal 2 Ayat (1) Peraturan Nomor IX.E.1, Lampiran Keputusan Ketua Badan Pengawas Pasar Modal Nomor: Kep-412/BL/2009 tentang Transaksi Afiliasi dan Benturan Kepentingan Transaksi Tertentu mengatur bahwa Transaksi Afiliasi adalah setiap aktivitas dan/atau transaksi yang dilakukan oleh perusahaan terbuka atau perusahaan terkendali dengan Afiliasi dari perusahaan terbuka atau Afiliasi dari anggota direksi, anggota dewan komisaris, pemegang saham utama, atau Pengendali, termasuk setiap aktivitas dan/atau transaksi yang dilakukan oleh perusahaan terbuka atau perusahaan terkendali untuk kepentingan Afiliasi dari perusahaan terbuka atau Afiliasi dari anggota direksi, anggota dewan komisaris, pemegang saham utama, atau Pengendali.

Sesuai dengan definisi di atas, Transaksi Afiliasi meliputi:

1. Penyertaan dalam badan usaha, proyek, dan/atau kegiatan usaha tertentu.
2. Pembelian, penjualan, pengalihan, penggunaan, tukar-menukar aset atau segmen operasi.
3. Perolehan, pelepasan, atau pemberian hak penggunaan atas aset.

Transaksi Afiliasi yang merupakan kegiatan usaha adalah transaksi yang akan dilaksanakan secara rutin, berulang, dan/atau berkelanjutan dalam rangka menjalankan kegiatan usaha baru yang akan menghasilkan pendapatan usaha dan telah mendapat persetujuan RUPS terkait perubahan kegiatan usaha.

Informasi mengenai Transaksi Afiliasi yang wajib disebarluaskan oleh Emiten atau Perusahaan Publik meliputi:

a. Identitas Afiliasi.
b. Hubungan antara Afiliasi dengan Emiten atau Perusahaan Publik.
c. Bentuk transaksi afiliasi dan nilai transaksi.
d. Keterangan tentang keberadaan atau tidaknya benturan kepentingan.
e. Peranan Dewan Komisaris dalam melakukan prosedur yang memadai untuk memastikan bahwa transaksi afiliasi dilakukan sesuai dengan praktik bisnis yang berlaku umum.
f. Penafian atau pemberitahuan tentang adanya benturan kepentingan dalam melakukan transaksi afiliasi.

Selain itu, Emiten atau Perusahaan Publik juga mengungkapkan informasi pernyataan Direksi bahwa transaksi afiliasi telah melalui prosedur yang memadai dan peran Dewan Komisaris dalam melakukan prosedur yang memadai untuk memastikan bahwa transaksi afiliasi dilaksanakan sesuai dengan praktik bisnis yang berlaku umum. Hal ini dilakukan untuk memastikan bahwa transaksi afiliasi dilaksanakan sesuai dengan prinsip transaksi yang wajar (arms-length principle).","
uraian mengenai Transaksi Afiliasi, memuat paling sedikit: 1. tanggal transaksi; 2. objek transaksi; 3. nilai transaksi; 4. nama pihak yang melakukan transaksi dan hubungan dengan Perusahaan Terbuka; dan 5. sifat hubungan Afiliasi dari pihak yang melakukan transaksi dengan Perusahaan Terbuka;",0
30,"Pasal 1 dari Peraturan Otoritas Jasa Keuangan (OJK) tentang Keterbukaan atas Informasi atau Fakta Material oleh Emiten atau Perusahaan Publik menjelaskan bahwa Informasi atau Fakta Material adalah informasi atau fakta penting dan relevan mengenai peristiwa, kejadian, atau fakta yang dapat mempengaruhi harga efek pada Bursa Efek dan/atau keputusan pemodal, calon pemodal, atau pihak lain yang berkepentingan atas informasi atau fakta tersebut.

Dalam konteks yang Anda berikan, fakta material dapat berupa:

a. Penggabungan usaha (merger), pengambilalihan (acquisition), peleburan usaha (consolidation), atau pembentukan usaha patungan.
b. Pemecahan saham atau pembagian dividen saham (stock dividend).
c. Pendapatan dan dividen yang luar biasa sifatnya.
d. Perolehan atau kehilangan kontrak penting.
e. Produk atau penemuan baru yang berarti.
f. Perubahan tahun buku perusahaan.
g. Perubahan dalam pengendalian atau perubahan penting dalam manajemen.

Hal ini diterangkan dalam Pasal 6 dari Peraturan OJK tersebut, yang meliputi beberapa contoh dari Informasi atau Fakta Material seperti yang telah disebutkan di atas.

Informasi atau Fakta Material harus disampaikan dan diterbitkan oleh Emiten atau Perusahaan Publik kepada Otoritas Jasa Keuangan dan kepada masyarakat sesuai dengan ketentuan yang ditetapkan dalam Pasal 2 dari Peraturan OJK tersebut.","
Fakta Material adalah informasi atau fakta penting dan relevan mengenai peristiwa, kejadian, atau fakta yang dapat mempengaruhi harga Efek pada bursa Efek dan/atau keputusan pemodal, calon pemodal, atau pihak lain yang berkepentingan atas informasi atau fakta tersebut.",1
31,"Peraturan Otoritas Jasa Keuangan (OJK) ini berlaku untuk semua pihak yang terkait dengan jasa keuangan di sektor pasar modal, asuransi, dana pensiun, lembaga pembiayaan, dan lembaga jasa keuangan lainnya. Hal ini dapat dilihat dalam beberapa lampiran Peraturan OJK yang saya sampaikan di atas, seperti POJK Nomor 75/POJK.04/2017, POJK Nomor 56/POJK.04/2015, POJK Nomor 11/POJK.04/2018, dan lain-lain. Selain itu, Peraturan OJK ini diterbitkannya oleh Ketua Dewan Komisioner OJK dan dipublikasikan dalam Lembaran Negara Republik Indonesia, sehingga merupakan peraturan yang sah dan berlaku untuk semua pihak yang bergerak di bidang jasa keuangan di Indonesia.","
a. Emiten Skala Kecil dan Emiten Skala Menengah, yang nilai rata-rata kapitalisasi pasar selama jangka waktu 1 (satu) tahun sebelum berakhirnya periode laporan keuangan tahunan terakhir tidak lebih dari Rp250.000.000.000,00 (dua ratus lima puluh miliar rupiah); dan b. Perusahaan Publik, yang memenuhi kriteria aset dan pengendalian sebagaimana dimaksud dalam Pasal 1 angka 7 dan Pasal 1 angka 8, berdasarkan laporan keuangan tahunan terakhir yang diaudit.",1
32,"Pasal 5 Peraturan Otoritas Jasa Keuangan (OJK) Nomor 32/POJK.04/2014 tentang Emiten Skala Kecil dan Emiten Skala Menengah menetapkan bahwa Emiten Skala Kecil dan Emiten Skala Menengah wajib memiliki minimal satu komisaris independen.

Dalam Pasal 5 yang dimaksud, tidak ada persyaratan yang menetapkan jumlah maksimum komisaris independen yang harus dimiliki oleh Emiten Skala Kecil dan Emiten Skala Menengah. Oleh karena itu, minimal yang harus dimiliki adalah satu komisaris independen.

Selain itu, dalam Pasal 6 ayat (2) Peraturan OJK Nomor 32/POJK.04/2014, juga didefinisikan bahwa bagi Emiten Skala Kecil dan Emiten Skala Menengah yang tidak berbentuk perseroan terbatas, komisaris independen digantikan oleh pihak yang memiliki peran yang sesuai dengan undang-undang.

Jadi, dapat disimpulkan bahwa minimal emiten skala kecil dan menengah wajib memiliki satu komisaris independen.","
Emiten Skala Kecil dan Emiten Skala Menengah wajib memiliki paling sedikit 1 (satu) komisaris independen.",1
33,"Based on the provided context, Emiten Skala Kecil (Small Scale Issuers) and Emiten Skala Menengah (Medium Scale Issuers) whose effects are listed on the stock exchange must fulfill certain requirements regarding the disclosure of information and corporate governance that are appropriate for their capabilities and needs. Here are some key regulations in the Otoritas Jasa Keuangan (Financial Services Authority) regulation:

1. Small Scale Issuers and Medium Scale Issuers are not required to use an appraiser for affiliated transactions and material transactions, except if such transactions require approval from the Board of Directors.
2. Small Scale Issuers and Medium Scale Issuers whose effects are listed on the stock exchange are only required to make announcements to the public through the company's website and the stock exchange's website.
3. Small Scale Issuers and Medium Scale Issuers whose effects are not listed on the stock exchange are required to make announcements through: a. periodic financial reports as referred to in the Otoritas Jasa Keuangan regulation on the submission of periodic financial reports by issuers or public companies; b. disclosure of information as referred to in Article 7; and c. material information announcements as regulated in the Otoritas Jasa Keuangan regulation on disclosure of material information by issuers or public companies, at least through: 1. the Small Scale Issuer's or Medium Scale Issuer's website; and 2. a national daily newspaper in the Indonesian language or a website provided by the Otoritas Jasa Keuangan.

Therefore, Small Scale Issuers and Medium Scale Issuers whose effects are listed on the stock exchange are required to disclose information through their website and the stock exchange's website. Additionally, they must comply with the requirements related to the disclosure of periodic financial reports, material information, and other relevant information.","
Emiten Skala Kecil dan Emiten Skala Menengah yang Efeknya tercatat di bursa Efek wajib melakukan: - 9 - a. pengumuman atas Laporan Keuangan Berkala sebagaimana diatur dalam Peraturan Otoritas Jasa Keuangan mengenai penyampaian laporan keuangan berkala Emiten atau Perusahaan Publik; b. keterbukaan informasi sebagaimana dimaksud dalam Pasal 7; dan c. pengumuman Informasi atau Fakta Material sebagaimana diatur dalam Peraturan Otoritas Jasa Keuangan mengenai Keterbukaan atas Informasi atau Fakta Material oleh Emiten atau Perusahaan Publik, paling sedikit melalui: 1. Situs Web Emiten Skala Kecil atau Emiten Skala Menengah; dan 2. Situs Web bursa Efek. (2) Emiten Skala Kecil dan Emiten Skala Menengah yang Efeknya tidak tercatat di bursa Efek wajib melakukan: a. pengumuman atas Laporan Keuangan Berkala sebagaimana dimaksud dalam dalam Peraturan Otoritas Jasa Keuangan mengenai penyampaian laporan keuangan berkala Emiten atau Perusahaan Publik; b. keterbukaan informasi sebagaimana dimaksud dalam Pasal 7; dan c. pengumuman Informasi atau Fakta Material sebagaimana diatur dalam Peraturan Otoritas Jasa Keuangan mengenai Keterbukaan atas Informasi atau Fakta Material oleh Emiten atau Perusahaan Publik, paling sedikit melalui: 1. Situs Web Emiten Skala Kecil atau Emiten Skala Menengah; dan 2. surat kabar harian berbahasa Indonesia yang berperedaran nasional atau Situs Web yang disediakan Otoritas Jasa Keuangan.",1
34,Pasal 11 Peraturan Otoritas Jasa Keuangan Nomor KEP-01/2014 tanggal 16 Januari 2014 tentang Kewajiban Keterbukaan Informasi Publik Perusahaan Terbuka mengatur mengenai pemberlakuan ketentuan pengumuman melalui Situs Web yang disediakan oleh Otoritas Jasa Keuangan. Hal ini ditetapkan oleh Otoritas Jasa Keuangan sesuai dengan Pasal 10 ayat (2) angka 2 dari Peraturan tersebut.,"
Pemberlakuan ketentuan pengumuman melalui Situs Web yang disediakan oleh Otoritas Jasa Keuangan sebagaimana - 10 - dimaksud dalam Pasal 10 ayat (2) angka 2 ditetapkan oleh Otoritas Jasa Keuangan",1
35,"Based on the provided context, Otoritas Jasa Keuangan (OJK) has the authority to impose administrative sanctions on parties who violate the regulations of OJK. The administrative sanctions include written warnings and fines (Pasal 5 ayat (1) Peraturan OJK). In addition to administrative sanctions, OJK can also take other actions against parties who violate the regulations (Pasal 6 Peraturan OJK).

Apart from administrative sanctions, what other actions can OJK take?

Based on the context provided, OJK can take other actions in the form of ""tindakan tertentu"" (certain actions) against parties who violate the regulations (Pasal 6 Peraturan OJK). However, the specific details of these ""tindakan tertentu"" are not provided in the context. Therefore, it is not possible to answer this question without additional information.","
Selain sanksi administratif sebagaimana dimaksud dalam Pasal 15 ayat (4), Otoritas Jasa Keuangan dapat melakukan tindakan tertentu terhadap setiap pihak yang melakukan pelanggaran ketentuan Peraturan Otoritas Jasa Keuangan ini.",1
36,"Perusahaan Publik, sebagaimana dijelaskan dalam context yang Anda berikan, adalah perseroan yang memiliki beberapa ciri khas. Ciri-ciri tersebut meliputi:

1. Memiliki saham yang dimiliki sekurang-kurangnya oleh 300 (tiga ratus) pemegang saham.
2. Memiliki modal disetor sekurang-kurangnya Rp3.000.000.000,00 (tiga miliar rupiah), atau suatu jumlah pemegang saham dan modal disetor yang ditetapkan oleh Peraturan Pemerintah.

Selain itu, perusahaan publik seringkali dikaitkan dengan Penawaran Umum, yaitu kegiatan penawaran saham atau efek kepada umum. Dalam context, Penawaran Umum didefinisikan sebagai kegiatan penawaran efek yang dilakukan oleh Emiten untuk menjual efek kepada masyarakat berdasarkan tata cara yang diatur dalam Undang-Undang mengenai Pasar Modal dan peraturan pelaksanaannya.

Jadi, dalam konteks undang-undang dan pasar modal di Indonesia, perusahaan publik merupakan suatu entitas yang memiliki jumlah pemegang saham dan modal disetor tertentu, dan melakukan Penawaran Umum untuk mengambil uang dari masyarakat pada tingkat harga yang ditentukan, seringkali dengan tujuan untuk mendapatkan dana yang dapat digunakan untuk pengembangan perusahaan.","
Selain sanksi administratif sebagaimana dimaksud dalam Pasal 15 ayat (4), Otoritas Jasa Keuangan dapat melakukan tindakan tertentu terhadap setiap pihak yang melakukan pelanggaran ketentuan Peraturan Otoritas Jasa Keuangan ini.",1
37,"Pasal 2 dari Peraturan Otoritas Jasa Keuangan mengatur bahwa Situs Web adalah kumpulan halaman web yang memuat informasi atau data yang dapat diakses melalui suatu sistem jaringan internet.

Dalam konteks ini, situs web memiliki peran penting dalam pengumuman Transaksi Material dan perubahan Kegiatan Usaha, serta pengumuman Laporan Keuangan Berkala oleh Emiten atau Perusahaan Publik. Hal ini ditetapkan dalam Pasal 27, Pasal 28, Pasal 29, dan Pasal 20 dari Peraturan Otoritas Jasa Keuangan.

Pasal 27, ayat (2) huruf b menetapkan bahwa pengumuman Transaksi Material dan perubahan Kegiatan Usaha wajib dilakukan melalui situs web yang disediakan oleh Otoritas Jasa Keuangan, serta melalui situs web perusahaan terbuka dan surat kabar harian berbahasa Indonesia atau situs web yang disediakan Otoritas Jasa Keuangan.

Pasal 20, ayat (1) menetapkan bahwa Emiten atau Perusahaan Publik yang efeknya tercatat pada Bursa Efek wajib mengumumkan Laporan Keuangan Berkala melalui situs web Bursa Efek. Sedangkan Pasal 20, ayat (2) menetapkan bahwa Emiten atau Perusahaan Publik yang efeknya tidak tercatat pada Bursa Efek wajib mengumumkan Laporan Keuangan Berkala melalui 1 (satu) surat kabar harian berbahasa Indonesia yang beredar secara nasional atau situs web yang disediakan Otoritas Jasa Keuangan.

Situs web dalam konteks capital market regulation ini, kemudian, merupakan sarana yang penting untuk mendistribusikan informasi yang akurat, lengkap, dan relevan kepada pihak yang berkepentingan, sehingga dapat meningkatkan transparansi dan integritas pasar modal.","
Situs Web adalah kumpulan halaman web yang memuat informasi atau data yang dapat diakses melalui suatu sistem jaringan internet.",1
38,"Sistem keuangan, sebagaimana dimaksud dalam Peraturan Otoritas Jasa Keuangan tentang Penyelenggaraan Kegiatan di Bidang Pasar Modal, adalah kegiatan yang bersangkutan dengan penawaran umum dan perdagangan efek, perusahaan publik yang berkaitan dengan efek yang diterbitkannya, serta lembaga dan profesi yang berkaitan dengan efek. Hal ini meliputi bank, lembaga pembiayaan, lembaga jasa keuangan, dan industri keuangan non-bank, sepertimana dijelaskan dalam konteks perbankan dan Undang-Undang mengenai perbankan syariah. Selain itu, sistem keuangan juga meliputi kegiatan anti pencucian uang dan pencegahan pendanaan terorisme (APU dan PPT) sebagaimana dimaksud dalam Undang-Undang mengenai pencegahan dan pemberantasan tindak pidana Pencucian Uang dan Pendanaan Terorisme.

Dalam konteks ini, pengawasan hukum koperasi sebagaimana dimaksud dalam Undang-Undang mengenai perkoperasian, juga termasuk dalam sistem keuangan. Hal ini berlaku juga dengan penanganan masal di sektor jasa keuangan, sebagaimana dimaksud dalam Peraturan Otoritas Jasa Keuangan Nomor 23/POJK.01/2019 tentang Penerapan Program Anti Pencucian Uang dan Pencegahan Pendanaan Terorisme di Sektor Jasa Keuangan.

Sistem elektronik layanan jasa keuangan juga termasuk dalam sistem keuangan, yang meliputi serangkaian perangkat dan prosedur elektronik yang berfungsi mempersiapkan, mengumpulkan, mengolah, menganalisis, menyimpan, menampilkan, mengumumkan, mengirimkan, dan/atau menyebarkan informasi elektronik di bidang layanan jasa keuangan.

Sehingga, dalam konteks yang dijelaskan, sistem keuangan meliputi berbagai aspek dari kegiatan keuangan, mulai dari pengawasan hukum koperasi, perbankan, lembaga pembiayaan, lembaga jasa keuangan, industri keuangan non-bank, serta penanganan masal di sektor jasa keuangan dan sistem elektronik layanan jasa keuangan.","
Sistem Keuangan adalah suatu kesatuan yang terdiri atas lembaga jasa keuangan, pasar keuangan, dan infrastruktur keuangan, termasuk sistem pembayaran, yang berinteraksi dalam memfasilitasi pengumpulan dana masyarakat dan pengalokasiannya untuk mendukung aktivitas perekonomian nasional, serta korporasi dan rumah tangga yang terhubung dengan lembaga jasa keuangan.",1
39,"Based on the provided context, the relevant regulation is the Financial Services Authority Regulation (POJK) Number 23/POJK.04/2016 about Collective Investment Contract Funds (CICFs), as amended by POJK Number 2/POJK.04/2020.

The Collective Investment Contract Funds (CICFs) are regulated by POJK Number 23/POJK.04/2016, which was issued based on the Act Number 8 Year 1995 about the Capital Market and the Act Number 21 Year 2008 about the Bank Indonesia. The CICFs are defined as a form of investment that collects funds from the public and manages them based on a contract, with the objective of investing in financial assets.

In the context of the amendment, POJK Number 2/POJK.04/2020 updates the provisions related to the CICFs, including the requirements for the management, the minimum initial capital, and the investment policies. The amendment is based on the Act Number 8 Year 1995 about the Capital Market, the Act Number 21 Year 2008 about the Bank Indonesia, and the Act Number 7 Year 2011 about the Management of State Financial Policy and Stability.

Therefore, the POJK Number 23/POJK.04/2016, as amended by POJK Number 2/POJK.04/2020, is the regulation that governs the CICFs in Indonesia, based on the relevant laws.","
Undang-Undang ini dilaksanakan berdasarkan asas: a. kepentingan nasional; b. kemanfaatan; c. kepastian hukum; d. keterbukaan; e. akuntabilitas; e. akuntabilitas; f. keadilan; g. Pelindungan Konsumen; h. edukasi; dan i. keterpaduan.",1
40,"Saya akan menjawab pertanyaan Anda berdasarkan informasi yang tersedia dalam context yang diberikan.

Undang-Undang Nomor 4 Tahun 2023 tentang Pengembangan dan Penguatan Sektor Keuangan (Lembaran Negara Republik Indonesia Tahun 2","
(1) Undang-Undang ini dibentuk dengan maksud mendorong kontribusi sektor keuangan bagi pertumbuhan ekonorni yang inklusif, berkelanjutan, dan berkeadilan guna meningkatkan taraf hidup masyarakat, mengurangi ketimpangan ekonomi, dan mewujudkan Indonesia yang sejahtera, maju, dan bermartabat. (21 Undang-Undang ini dibentuk dengan tujuan untuk: a. mengoptimalkan fungsi intermediasi sektor keuangan kepada usaha sektor produktif; b. meningkatkan portofolio pendanaan terhadap sektor usaha yang produktif; c. meningkatkan kemudahan akses dan literasi terkait jasa keuangan; d. meningkatkan dan memperluas inklusi sektor keuangan; e. memperluas sumber pembiayaan jangka panjang; f. meningkatkan daya saing dan efisiensi sektor keuangan; g. mengembangkan instrumen di pasar keuangan dan memperkuat mitigasi risiko; h. meningkatkan pembinaan, pengawasa.n, dan Pelindungan Konsumen; i. memperkuat pelindungan atas data pribadi nasabah sektor keuangan; j. memperkuat kelembagaan dan ketahanan Stabilitas Sistem Keuangan; k. mengembangkan dan memperkuat ekosistem sektor keuangan; 1. memperkuat wewenang, tanggung jawab, tugas, dan fungsi regulator sektor keuangan; dan m. meningkatkan daya saing masyarakat sehingga dapat berusaha secara efektif dan efisien.",1
41,"Based on the provided context, the scope of the Law on the Development and Strengthening of the Financial Sector can be summarized as follows:

Undang-Undang Nomor 4 Tahun 2023 tentang Pengembangan dan Penguatan Sektor Keuangan (Law No. 4 of 2023 on the Development and Strengthening of the Financial Sector) aims to support the development and strengthening of the financial sector in Indonesia. This law is particularly relevant in the context of the increasingly complex and diverse financial services industry, the rapidly moving national and international economy, and the advancement of the financial system. The law underlines the need for effective enforcement of laws in the financial services sector, which has been regulated under Article 49, Article 8 paragraph (21) of Law No. 4 of 2023 on the Development and Strengthening of the Financial Sector.

In addition, this law also regulates the use of Public Accounting Services and Public Accounting Firms in Financial Services Activities (Peraturan Otoritas Jasa Keuangan tentang Penggunaan Jasa Akuntan Publik dan Kantor Akuntan Publik dalam Kegiatan Jasa Keuangan) as well as the implementation of Anti-Money Laundering, Counter-Terrorism Financing, and Counter-Proliferation Financing Programs in the Financial Services Sector (Peraturan Otoritas Jasa Keuangan tentang Penerapan Program Anti Pencucian Uang, Pencegahan Pendanaan Terorisme, dan Pencegahan Pendanaan Proliferasi Senjata Pemusnah Massal di Sektor Jasa Keuangan).

It is important to note that the aforementioned regulations are in line with the global efforts to prevent and combat Terrorism Financing, Proliferation Financing, and Money Laundering (TPPU, TPPT, and PPSPM) based on the FATF Recommendations. This law serves as an enhancement of Peraturan Otoritas Jasa Keuangan No. 12/POJK.01/2017, which has been revised by Peraturan Otoritas Jasa Keuangan No. 23/POJK.01/2019. The scope of this law also covers recent advancements in the regulatory framework in Indonesia, including the Omnibus Laws that directly or indirectly affect several sectors, including the financial services sector.","
ruang lingkup dalam Undang-Undang ini mengatur ekosistem sektor keuangan meliputi: a. kelembagaan; b. perbankan; c. Pasar Modal, Pasar Uang, dan Pasar Valuta Asing; d. perasuransian dan penjaminan; e. asuransi Usaha Bersama; f. program penjaminan polis; g. Usaha Jasa Pembiayaan; h. kegiatan usaha bulion (bullionl; i. Dana Pensiun, program jaminan hari tua, dan program pensiun; j. kegiatan koperasi di sektor jasa keuangan; k. lembaga keuangan mikro; l. Konglomerasi Keuangan; m. ITSK; n. penerapan Keuangan Berkelanjutan; o. Literasi Keuangan, Inklusi Keuangan, dan Pelindungan Konsumen; p. akses pembiayaan Usaha Mikro, Kecil, dan Menengah; q. sumber daya manusia; r. Stabilitas Sistem Keuangan; s. lembaga pembiayaan ekspor Indonesia; dan t. penegakan hukum di sektor keuangan.",1
42,"Ikutan upaya pengawasan dan pengaturan di sektor jasa keuangan, Otoritas Jasa Keuangan Republik Indonesia (OJK) telah menetapkan Peraturan OJK Nomor 8 Tahun 2","
Tujuan Bank Indonesia adalah mencapai stabilitas nilai rupiah, memelihara stabilitas Sistem Pembayaran, dan turut menjaga Stabilitas Sistem Keuangan dalam rangka mendukung pertumbuhan ekonomi yang berkelanjutan.",1
43,"Selama saya berperan sebagai ahli regulasi pasar kapital di Indonesia, berikut adalah jawabannya terhadap pertanyaan Anda:

Anda bertanya tentang pengertian deposito dalam konteks regulasi pasar kapital di Indonesia.

Berdasarkan Peraturan Otoritas Jasa Keuangan (OJK) Nomor 10/POJK.03/2014 tentang Deposito, deposito ditinjau sebagai jenis aset yang ditempatkan oleh pihak ketiga kepada bank atau lembaga keuangan lainnya, dengan tujuan untuk mendapatkan keuntungan dalam bentuk bunga atau rendemen.

Sesuai dengan konteks yang Anda berikan, deposito bank dalam negeri dikelompokkan menjadi dua, yaitu:

1. Deposito bank umum yang jatuh tempo kurang dari atau sama dengan 3 (tiga) bulan sejak tanggal laporan MKBD.
2. Deposito bank umum yang jatuh tempo lebih dari 3 (tiga) bulan sejak tanggal laporan MKBD, yang dikelompokkan menjadi dua subkelompok, yaitu:
a. Deposito bank umum yang memenuhi kriteria sebagai simpanan yang dijamin oleh Lembaga Penjamin Simpanan.
b. Deposito bank umum yang tidak memenuhi kriteria sebagai simpanan yang dijamin oleh Lembaga Penjamin Simpanan.

Sedangkan, deposito berjangka yang dicatat dalam akun ini termasuk berupa deposito berjangka yang dijaminkan ke bank dengan kondisi tertentu.

Oleh karena itu, pengertian deposito dalam konteks regulasi pasar kapital di Indonesia adalah jenis aset yang ditempatkan oleh pihak ketiga kepada bank atau lembaga keuangan lainnya, dengan tujuan untuk mendapatkan keuntungan dalam bentuk bunga atau rendemen, dan dikelompokkan menjadi berbagai jenis sesuai dengan peraturan yang berlaku.","
""Deposito adalah Simpanan berdasarkan Akad
mudharabah atau Akad lain yang tidak bertentangan
dengan Prinsip Syariah yang penarikannya hanya
dapat dilakukan pada waktu tertentu berdasarkan
Akad antara Nasabah Penyimpan dan Bank Syariah
dan/atau UUS.",1
44,"Dalam context yang Anda berikan, Otoritas Jasa Keuangan Republik Indonesia (OJK) adalah lembaga yang memiliki fungsi sebagai regulator sektor jasa keuangan, yang salah satunya bidangnya adalah pasar modal. OJK berperan dalam mengatur dan mengawasi terselenggaranya pasar modal secara teratur, adil, transparan, akuntabel, berkelanjutan dan stabil, serta melindungi kepentingan para investor khususnya pemegang saham publik. Selain itu, OJK juga berwenang melakukan tindakan pencegahan kerugian, pelayanan pengaduan Konsumen, serta melakukan pembelaan hukum untuk melindungi kepentingan Konsumen dan masyarakat di sektor jasa keuangan.

Dalam Peraturan Otoritas Jasa Keuangan Nomor 29 /POJK.04/2021, OJK mempunyai kewenangan pengaturan, yaitu menetapkan persyaratan dan tata cara Pernyataan Pendaftaran, penundaan, pembatalan, atau pencabutan efektifnya Pernyataan Pendaftaran, serta penundaan Penawaran Umum. OJK juga mempunyai kewenangan untuk menetapkan persyaratan pemilikan saham dan/atau pengendalian Pihak yang memperoleh izin, persetujuan, atau pendaftaran dari OJK, mengwajibkan pendaftaran Profesi Penunjang Pasar Modal dan Wali Amanat, menetapkan persyaratan penggunaan teknologi informasi dalam kegiatan di bidang Pasar Modal, serta mengatur kewajiban penerbitan Efek dan konversi Efek.

Hal ini diatur dalam Pasal 5 Peraturan Otoritas Jasa Keuangan Nomor 29 /POJK.04/2021, yang memperjelas bahwa OJK mempunyai kewenangan pengaturan dalam melaksanakan tugasnya, yaitu mengatur dan mengawasi terselenggaranya pasar modal secara teratur, adil, transparan, akuntabel, berkelanjutan dan stabil, serta melindungi kepentingan para investor khususnya pemegang saham publik.

Dalam Undang-Undang Nomor 21 Tahun 2011 tentang Otoritas Jasa Keuangan (UU OJK) dijelaskan bahwa OJK dibentuk dengan tujuan agar keseluruhan kegiatan jasa keuangan di dalam sektor jasa keuangan terselenggarra secara teratur, adil, transparan, dan akuntabel, serta mampu mewujudkan sistem keuangan yang tumbuh secara berkelanjutan dan stabil, dan mampu melindungi kepentingan Konsumen dan masyarakat. Untuk melindungi Konsumen dan masyarakat tersebut, OJK berwenang melakukan tindakan pencegahan kerugian, pelayanan pengaduan Konsumen, serta melakukan pembelaan hukum sebagaimana diatur dalam Pasal 28, Pasal 29, dan Pasal 30 UU OJK. Untuk menindaklanjuti kewenangan dalam UU OJK dimaksud, OJK telah mengatur ketentuan Perlindungan Konsumen dalam Peraturan Otoritas Jasa Keuangan Nomor 1/POJK.07/2013 tentang Perlindungan Konsumen Sektor Jasa Keuangan.","""
Otoritas Jasa Keuangan adalah lembaga negara yang independen yang mempunyai fungsi, tugas, dan wewenang pengaturan, pengawasan, pemeriksaan, dan penyidikan sebagaimana dimaksud dalam undang-undang mengenai Otoritas Jasa Keuangan.",1
45,"Based on the provided context, Perpres (Peraturan Pemerintah) Nomor 23 Tahun 2020, Pasal 35, there are several restrictions for Securities Companies or Investment Advisors:

a. They are prohibited from using influence or applying pressure that is against the interests of their clients.
b. They are not allowed to disclose the name or activities of their clients, except with written instructions from the clients or as required by applicable laws and regulations.
c. They are not allowed to make false statements or fail to disclose material facts to their clients regarding their professional abilities or financial condition.
d. They are not allowed to recommend to their clients to buy or sell Securities without disclosing any interests that the Securities Company or Investment Advisor has in the Securities in question.
e. They are not allowed to buy or hold Securities for the account of the Securities Company or affiliated parties if there is excessive demand in a Public Offering, where the Securities Company acts as the Guaranteed Underwriter or selling agent.

Furthermore, based on Perpres Nomor 34 Tahun 2020, huruf (d), the restrictions are in place to prevent conflicts of interest between Securities Companies or Investment Advisors and their clients. They are required to disclose all interests in Securities that are relevant to their clients. If the Securities Company or Investment Advisor has an interest in a Securities that is the same as their clients, they must disclose this to their clients before providing any recommendations.

In summary, huruf (c) and huruf (d) are the restrictions that apply to Perusahaan Efek or Penasihat Investasi. They are not allowed to make false statements or withhold material facts from their clients, and they must disclose any interests they have in Securities that they recommend to their clients.","
Perusahaan Efek atau Penasihat Investasi dilarang: a. menggunakan pengaruh atau mengadakan tekanan yang bertentangan dengan kepentingan nasabah; b. mengungkapkan b. mengungkapkan nama atau kegiatan nasabah, kecuali diberi instruksi secara tertulis oleh nasabah atau diwajibkan menurut peraturan perundang-undangan yang berlaku; c. mengemukakan secara tidak benar atau tidak mengemukakan fakta yang material kepada nasabah mengenai kemampuan usaha atau keadaan keuangannya; d. merekomendasikan kepada nasabah untuk membeli atau menjual Efek tanpa memberitahukan adanya kepentingan Perusahaan Efek dan Penasihat Investasi dalam Efek tersebut; atau e. membeli atau memiliki Efek untuk rekening Perusahaan Efek itu sendiri atau untuk rekening Pihak terafiliasi jika terdapat kelebihan permintaan beli dalam Penawaran Umum dalam hal Perusahaan Efek tersebut bertindak sebagai Penjamin Emisi Efek atau agen penjualan, kecuali pesanan Pihak yang tidak terafiliasi telah terpenuhi seluruhnya.",1
46,"Based on the provided context, Perusahaan Efek (Securities Company) or Penasihat Investasi (Investment Advisor) have several obligations according to the regulations. Here are some of them:

1. According to President of the Republic of Indonesia Regulation No. 35, Perusahaan Efek or Penasihat Investasi must prioritize and protect the interests of their clients, as long as it does not contradict the applicable laws and regulations. They must avoid any actions that are against the interests of their clients.
2. Based on President of the Republic of Indonesia Regulation No. 34, Perusahaan Efek or Penasihat Investasi must disclose material facts accurately and truthfully to their clients regarding their professional abilities and financial condition.
3. According to President of the Republic of Indonesia Regulation No. 34, if Perusahaan Efek or Penasihat Investasi has an interest in a particular security that is the same as their clients' interest, they must inform their clients before giving any recommendations.
4. According to President of the Republic of Indonesia Regulation No. 36, if there is an overdemand in a Public Offering, Perusahaan Efek as the Guarantor of Security Issuance must prioritize the interests of other non-affiliated parties who have ordered the security before the Guarantor of Security Issuance, the seller, and all affiliated parties.
5. According to President of the Republic of Indonesia Regulation No. 33, Perusahaan Efek or Penasihat Investasi must know their clients' background, financial condition, and investment purposes. They must also keep proper records of their clients' orders, transactions, and financial conditions.
6. According to President of the Republic of Indonesia Regulation No. 37, Perusahaan Efek that receives securities from their clients must keep them in separate accounts from the Perusahaan Efek's accounts. They must also maintain separate books for each client and provide safekeeping for their clients' assets according to the rules set by Bapepam.

Therefore, Perusahaan Efek or Penasihat Investasi have obligations to disclose material facts accurately and truthfully, prioritize their clients' interests, avoid any actions that are against their clients' interests, maintain proper records, and separate their clients' securities and assets from their own.","
a. mengetahui latar belakang, keadaan keuangan, dan tujuan investasi nasabahnya; dan b. membuat dan menyimpan catatan dengan baik mengenai pesanan, transaksi, dan kondisi keuangannya",1
47,"Pasal 13, Pasal 14, Pasal 15, Pasal 16, dan Pasal 106A dari Konsep Capital Market Regulation di Indonesia menyebutkan bahwa Kustodian adalah pihak yang memberikan jasa penitipan Efek dan harta lain yang berkaitan dengan Efek, termasuk menerima dividen, bunga, dan hak-hak lain, menyelesaikan transaksi Efek, dan mewakili pemegang rekening yang menjadi nasabahnya. Kustodian dapat berupa perusahaan efek atau bank umum yang telah memperoleh persetujuan Otoritas Jasa Keuangan untuk melakukan kegiatan usaha sebagai Kustodian.

Sesuai dengan Pasal 106A, yang melakukan kegiatan sebagai Kustodian atau entitas terafiliasi dengan Kustodian yang memberikan keterangan mengenai rekening Efek kepada pihak lain selain yang ditentukan dalam Pasal 47 ayat (1) dapat dipidana dengan pidana penjara dan denda. Hal yang sama berlaku bagi pihak yang memperoleh keterangan mengenai rekening Efek dari Kustodian atau entitas terafiliasi dengan Kustodian dan memberikan keterangan mengenai rekening Efek kepada pihak lain secara melawan hukum.","
Kustodian adalah Pihak yang memberikan jasa penitipan Efek dan harta lain yang berkaitan dengan Efek serta jasa lain, termasuk menerima dividen, bunga, dan hak-hak lain, menyelesaikan transaksi Efek, dan mewakili pemegang rekening yang menjadi nasabahnya.",1
48,"Tujuan dari Bursa Efek, sebagaimana diatur dalam Pasal 7 ayat (1) Undang-Undang Nomor 8 Tahun 1995 tentang Pasar Modal, adalah menyelenggarakan perdagangan Efek yang teratur, wajar, dan efisien. Hal ini mencakup tujuan untuk mempromosikan dan meningkatkan efisiensi dalam perdagangan saham dan obligasi, serta memberikan akses terjangkau untuk investasi dan pembiayaan bagi perusahaan dan individu. Selain itu, bursa efek juga berfungsi sebagai pengawas dan pemantau kegiatan anggota bursa efek, emiten, lembaga kliring dan penjaminan, lembaga penyimpanan dan penyelesaian, kustodian, atau pihak lain yang memiliki hubungan kerja secara kontraktual dengan bursa efek (Pasal 9 ayat (1), Undang-Undang Nomor 8 Tahun 1995 tentang Pasar Modal).","
Bursa Efek didirikan dengan tujuan menyelenggarakan perdagangan Efek yang teratur, wajar, dan efisie",1
49,"Pasal 43 (1) Peraturan Pemerintah Nomor 9 Tahun 2018 tentang Lembaga Penunjang Pasar Modal menetapkan bahwa yang dapat menyelenggarakan kegiatan usaha sebagai Kustodian adalah Lembaga Penyimpanan dan Penyelesaian, Perusahaan Efek, atau Bank Umum yang telah mendapat persetujuan Otoritas Jasa Keuangan. Oleh karena itu, lembaga atau institusi yang dapat menjadi Kustodian adalah:

1. Lembaga Penyimpanan dan Penyelesaian
2. Perusahaan Efek
3. Bank Umum yang telah mendapat persetujuan Otoritas Jasa Keuangan

Selain itu, Pasal 54 dan 55 dari Bank Umum Sebagai Kustodian di Pasar Modal memperjelas bahwa bank umum dapat menjalankan usaha sebagai Kustodian di bidang Pasar Modal setelah mendapat persetujuan dari Otoritas Jasa Keuangan. Untuk mendapatkan persetujuan tersebut, bank umum harus mengirimkan permohonan kepada Otoritas Jasa Keuangan beserta dokumen dan keterangan yang dikeluarkan oleh regulator pengawas perbankan Otoritas.","
Yang dapat menyelenggarakan kegiatan usaha sebagai Kustodian adalah Lembaga Penyimpanan dan Penyelesaian, Perusahaan Efek, atau Bank Umum yang telah mendapat persetujuan Bapepam.",1
,,,35
