,answer,ans_grth,,score
0,"Dalam Peraturan Otoritas Jasa Keuangan, yang dimaksud dengan:
1. Efek adalah surat berharga, yaitu surat pengakuan utang, surat berharga komersial, saham, obligasi, tanda bukti utang, unit penyertaan kontrak investasi kolektif, kontrak berjangka atas Efek, dan setiap derivatif dari Efek.
2. Penawaran Umum adalah kegiatan penawaran efek yang dilakukan oleh Emiten untuk menjual efek kepada masyarakat berdasarkan tata cara yang diatur dalam Undang-Undang mengenai pasar modal dan peraturan pelaksanaannya.
3. Emiten adalah pihak yang melakukan Penawaran Umum.","""a. Efek adalah surat berharga, yaitu surat pengakuan 
utang, surat berharga komersial, saham, obligasi, tanda 
bukti utang, unit penyertaan kontrak investasi kolektif, 
kontrak berjangka atas Efek, dan setiap derivatif dari 
Efek. b. Penawaran Umum adalah kegiatan penawaran Efek yang 
dilakukan oleh emiten untuk menjual Efek kepada
masyarakat berdasarkan tata cara yang diatur dalam 
Undang-Undang Nomor 8 Tahun 1995 tentang Pasar 
Modal dan peraturan pelaksanaannya. c. Emiten adalah Pihak yang melakukan Penawaran Umum.",,1
1,"Dalam rangka penawaran umum oleh Emiten atau pemasaran efek, yang dilarang oleh perusahaan efek adalah menjual Efek yang telah dibeli atau akan dibelinya berdasarkan perjanjian penjaminan emisi Efek sebelum Efek tersebut dicatatkan di Bursa Efek. Hal ini diatur dalam Pasal 1 ayat (1) Peraturan Otoritas Jasa Keuangan Nomor 1/POJK.04/2013 tentang Pencatatan Efek dan Penawaran Umum Efek.","""
""a. memuat informasi yang tidak benar atau tidak 
mengungkapkan fakta material, sehingga memberikan 
gambaran yang menyesatkan; dan/atau
b. memberikan gambaran yang menyesatkan, karena isi 
dan/atau metode penyajiannya memberikan kesan 
bahwa Efek tertentu tepat bagi Pihak tertentu yang 
sebenarnya tidak memiliki kemampuan yang cukup 
untuk menanggung risiko yang ada pada Efek tersebut.",,1
2,"Kewajiban promosi pemasaran efek diatur dalam Peraturan Otoritas Jasa Keuangan Republik Indonesia Nomor 7/POJK.04/2019 tentang Promosi Pemasaran Efek termasuk Iklan, Brosur, atau Komunikasi Lainnya. Berdasarkan regulasi tersebut, kewajiban promosi pemasaran efek meliputi:
1. Memuat informasi bahwa Efek tertentu yang dipromosikan hanya cocok untuk kelompok pemodal tertentu.
2. Mengungkapkan risiko yang berhubungan dengan investasi atas Efek tertentu yang dipromosikan.
3. Jika promosi memuat rekomendasi untuk membeli, menjual, atau menahan Efek tertentu, harus memuat informasi seperti tanggal rekomendasi, harga pasar pada saat rekomendasi dibuat, pihak yang memberikan rekomendasi, dan apakah pihak tersebut telah memperdagangkan Efek tersebut untuk rekeningnya secara reguler atau memiliki Efek tersebut dengan nilai paling sedikit Rp25.000.000,00.
4. Jika promosi memuat pendapat, proyeksi, atau ramalan mengenai Efek tertentu, pendapat, proyeksi, atau ramalan tersebut harus diungkapkan secara jelas.
5. Dalam rangka Penawaran Umum, promosi pemasaran Efek harus memuat informasi bahwa pemodal hanya dapat melakukan pemesanan pembelian Efek setelah memperoleh Prospektus atau kesempatan untuk membaca Prospektus, dan setelah Pernyataan Pendaftaran efektif.","""
a. memuat informasi bahwa Efek tertentu yang dipromosikan hanya cocok untuk kelompok pemodal tertentu; dan b. mengungkapkan risiko yang berhubungan dengan investasi atas Efek tertentu dimaksud.",,1
3,"Dalam promosi pemasaran efek, terdapat beberapa hal yang wajib dimuat sesuai dengan Peraturan Otoritas Jasa Keuangan Republik Indonesia Nomor 7/POJK.04/2019, yaitu:

1. Informasi bahwa Efek tertentu yang dipromosikan hanya cocok untuk kelompok pemodal tertentu.
2. Pengungkapan risiko yang berhubungan dengan investasi atas Efek tertentu.
3. Jika promosi memuat rekomendasi untuk membeli, menjual, atau menahan Efek tertentu, harus memuat informasi:
   a. Tanggal rekomendasi.
   b. Harga pasar pada saat rekomendasi dibuat.
   c. Pihak yang memberikan rekomendasi.
   d. Keterangan apakah Pihak yang memberikan rekomendasi atau Pihak terafiliasinya telah memperdagangkan Efek tersebut untuk rekeningnya secara reguler atau memiliki Efek tersebut dengan nilai paling sedikit Rp25.000.000,00.
4. Jika promosi memuat pendapat, proyeksi, atau ramalan mengenai Efek tertentu, pendapat, proyeksi, atau ramalan tersebut harus diungkapkan secara jelas.
5. Dalam rangka Penawaran Umum, promosi pemasaran Efek harus memuat informasi bahwa pemodal hanya dapat melakukan pemesanan pembelian Efek setelah pemodal memperoleh Prospektus atau memperoleh kesempatan untuk membaca Prospektus, dan setelah Pernyataan Pendaftaran efektif.","
Dalam hal promosi pemasaran Efek memuat pendapat, proyeksi, atau ramalan mengenai Efek tertentu, pendapat, proyeksi, atau ramalan mengenai Efek tertentu tersebut wajib diungkapkan secara jelas.",,1
4,Otoritas Jasa Keuangan dapat mengumumkan pengenaan sanksi administratif sebagaimana dimaksud dalam Pasal 9 ayat (1) dan tindakan tertentu sebagaimana dimaksud dalam Pasal 10 kepada masyarakat. Hal ini diatur dalam Pasal 11 dari Peraturan Otoritas Jasa Keuangan.,"
Pasal 7 ayat (4) dan tindakan tertentu sebagaimana dimaksud dalam Pasal 8 kepada masyarakat.",,1
5,"Dalam hal promosi pemasaran efek, informasi yang harus dimuat termasuk:
1. Informasi bahwa Efek tertentu yang dipromosikan hanya cocok untuk kelompok pemodal tertentu.
2. Pengungkapan risiko yang berhubungan dengan investasi atas Efek tertentu yang dimaksud.
3. Jika promosi memuat rekomendasi untuk membeli, menjual, atau menahan Efek tertentu, harus memuat informasi seperti tanggal rekomendasi, harga pasar pada saat rekomendasi dibuat, pihak yang memberikan rekomendasi, dan keterangan apakah pihak yang memberikan rekomendasi atau pihak terafiliasinya telah memperdagangkan Efek tersebut untuk rekeningnya secara reguler atau memiliki Efek tersebut dengan nilai paling sedikit Rp25.000.000,00.
4. Jika promosi memuat pendapat, proyeksi, atau ramalan mengenai Efek tertentu, pendapat, proyeksi, atau ramalan tersebut harus diungkapkan secara jelas.
5. Dalam rangka Penawaran Umum, promosi pemasaran Efek harus memuat informasi bahwa pemodal hanya dapat melakukan pemesanan pembelian Efek setelah pemodal memperoleh Prospektus atau kesempatan untuk membaca Prospektus, dan setelah Pernyataan Pendaftaran efektif.

Regulasi yang mengatur hal ini adalah Peraturan Otoritas Jasa Keuangan Republik Indonesia Nomor 7/POJK.04/2019 tentang Promosi Pemasaran Efek termasuk Iklan, Brosur, atau Komunikasi Lainnya. Pasal 3, Pasal 4, Pasal 5, dan Pasal 6 dari regulasi tersebut mengatur hal-hal yang harus dimuat dalam promosi pemasaran efek.","
a. tanggal rekomendasi; b. harga pasar pada saat rekomendasi dibuat; c. Pihak yang memberikan rekomendasi; dan d. keterangan apakah Pihak yang memberikan rekomendasi atau Pihak terafiliasinya telah memperdagangkan Efek tersebut untuk rekeningnya secara reguler atau memiliki Efek tersebut dengan nilai paling sedikit Rp25.000.000,00 (dua puluh lima juta rupiah).",,1
6,"Dalam hal promosi pemasaran Efek, pendapat, proyeksi, atau ramalan mengenai Efek tertentu wajib diungkapkan secara jelas. Hal ini sesuai dengan Pasal 5 dari Peraturan Otoritas Jasa Keuangan Nomor 7/POJK.04/2019.","
Dalam hal promosi pemasaran Efek memuat pendapat, proyeksi, atau ramalan mengenai Efek tertentu, pendapat, proyeksi, atau ramalan mengenai Efek tertentu tersebut wajib diungkapkan secara jelas.",,1
7,"Sanksi administratif yang dimaksud pada ayat (1) adalah berupa peringatan tertulis, sesuai dengan Pasal 77, Pasal 78 ayat (2), dan ayat (3) dalam regulasi yang berlaku.","
a. peringatan tertulis; b. denda yaitu kewajiban untuk membayar sejumlah uang tertentu; c. pembatasan kegiatan usaha; d. pembekuan kegiatan usaha; e. pencabutan izin usaha; f. pembatalan persetujuan; dan/atau g. pembatalan pendaftaran.",,1
8,Peraturan Otoritas Jasa Keuangan yang dimaksud mulai berlaku pada tanggal 2 Juli 2020. Hal ini diatur dalam Pasal 107 dari Peraturan Otoritas Jasa Keuangan Republik Indonesia Nomor 35/POJK.04/2020.,"
""Peraturan Otoritas Jasa Keuangan ini mulai berlaku pada
tanggal diundangkan.",,1
9,"Prospektus, Prospektus Awal, dan Prospektus Ringkas adalah istilah yang digunakan dalam regulasi di Indonesia terkait dengan penawaran umum efek. Berdasarkan Peraturan Otoritas Jasa Keuangan (OJK) Nomor 1/POJK.04/2013 tentang Bentuk dan Isi Prospektus serta Prospektus Ringkas dalam Rangka Penawaran Umum Efek Bersifat Ekuitas dan Peraturan OJK Nomor 2/POJK.04/2013 tentang Bentuk dan Isi Prospektus serta Prospektus Ringkas dalam Rangka Penawaran Umum Efek Bersifat Utang, istilah tersebut memiliki definisi sebagai berikut:

1. Prospektus: Setiap informasi tertulis yang berkaitan dengan Penawaran Umum dengan tujuan agar pihak lain membeli Efek. Prospektus ini berisi informasi lengkap mengenai Efek yang ditawarkan, kondisi Emiten, serta risiko yang terkait dengan investasi tersebut.

2. Prospektus Awal: Dokumen tertulis yang memuat seluruh informasi dalam Prospektus yang disampaikan kepada Otoritas Jasa Keuangan sebagai bagian dari Pernyataan Pendaftaran, kecuali informasi tertentu yang belum dapat ditentukan seperti nilai nominal, jumlah dan harga penawaran Efek, penjaminan emisi Efek, tingkat suku bunga obligasi, atau hal lain yang berhubungan dengan persyaratan penawaran.

3. Prospektus Ringkas: Ringkasan dari isi Prospektus Awal. Prospektus Ringkas ini memberikan gambaran singkat mengenai informasi yang terdapat dalam Prospektus Awal untuk membantu calon investor memahami penawaran tersebut secara lebih mudah.

Regulasi terkait prospektus ini bertujuan untuk memberikan perlindungan dan informasi yang cukup kepada para investor sebelum mereka memutuskan untuk berinvestasi dalam efek yang ditawarkan.","""
Prospektus adalah setiap informasi tertulis sehubungan dengan Penawaran Umum dengan tujuan agar Pihak lain membeli Efek Emiten. Prospektus Awal adalah dokumen tertulis yang memuat seluruh informasi dalam Prospektus yang disampaikan kepada Otoritas Jasa Keuangan sebagai bagian dari pernyataan pendaftaran, kecuali informasi mengenai nilai nominal, jumlah dan harga penawaran Efek, penjaminan emisi Efek, tingkat suku bunga obligasi, atau hal lain yang berhubungan dengan persyaratan penawaran yang belum dapat ditentukan. Prospektus Ringkas adalah ringkasan dari isi Prospektus Awal. ",,1
10,"Perusahaan Terbuka adalah Emiten yang telah melakukan Penawaran Umum Efek bersifat ekuitas atau Perusahaan Publik. Definisi ini dapat ditemukan dalam Peraturan Otoritas Jasa Keuangan tentang Laporan Kepemilikan atau Setiap Perubahan Kepemilikan Saham Perusahaan Terbuka, dalam Pasal 1 ayat 1.","
Perusahaan Terbuka adalah emiten yang melakukan penawaran umum efek bersifat ekuitas atau perusahaan publik.",,1
11,"Pemegang Saham Independen adalah pemegang saham yang tidak mempunyai kepentingan ekonomis pribadi sehubungan dengan suatu transaksi tertentu dan bukan merupakan anggota direksi, anggota dewan komisaris, pemegang saham utama, dan pengendali; atau bukan merupakan afiliasi dari anggota direksi, anggota dewan komisaris, pemegang saham utama, dan pengendali. Hal ini diatur dalam Peraturan Otoritas Jasa Keuangan Nomor 15/POJK.04/2020 tentang Rencana dan Penyelenggaraan Rapat Umum Pemegang Saham Emiten atau Perusahaan Publik.","
Pemegang Saham Independen adalah pemegang saham yang tidak mempunyai kepentingan ekonomis pribadi sehubungan dengan suatu transaksi tertentu dan  a. bukan merupakan anggota Direksi, anggota Dewan Komisaris, pemegang saham utama, dan Pengendali; atau b. bukan merupakan afiliasi dari anggota Direksi, anggota Dewan Komisaris, pemegang saham utama, dan Pengendali.",,1
12,Perusahaan terbuka wajib menyelenggarakan RUPS paling lambat 6 (enam) bulan setelah tahun buku berakhir. Hal ini diatur dalam Pasal 2 ayat (2) dari Peraturan Otoritas Jasa Keuangan Nomor 32/POJK.04/2014 tentang Rencana dan Penyelenggaraan Rapat Umum Pemegang Saham Emiten atau Perusahaan Publik.,"
Perusahaan Terbuka wajib menyelenggarakan RUPS Tahunan paling lambat 6 (enam) bulan setelah tahun buku berakhir.",,1
13,"Permintaan penyelenggaraan RUPS yang terdapat pada ayat (1) adalah sebagai berikut:
1. Permintaan penyelenggaraan RUPS dapat dilakukan atas permintaan 1 (satu) orang atau lebih pemegang saham yang bersama-sama mewakili 1/10 (satu persepuluh) atau lebih dari jumlah seluruh saham dengan hak suara.
2. Permintaan penyelenggaraan RUPS juga dapat dilakukan atas permintaan Dewan Komisaris. 

Regulasi yang mengatur hal ini adalah Pasal 3 ayat (1) dalam Peraturan Otoritas Jasa Keuangan Nomor 32/POJK.04/2014 tentang Rencana dan Penyelenggaraan Rapat Umum Pemegang Saham Emiten atau Perusahaan Publik.","
a. dilakukan dengan itikad baik; b. mempertimbangkan kepentingan Perusahaan Terbuka; c. merupakan permintaan yang membutuhkan keputusan RUPS; d. disertai dengan alasan dan bahan terkait hal yang harus diputuskan dalam RUPS; dan e. tidak bertentangan dengan ketentuan peraturan perundang-undangan dan anggaran dasar Perusahaan Terbuka",,1
14,"Kewajiban Direksi yang diatur dalam peraturan perundang-undangan di Indonesia antara lain:
1. Melaksanakan dan bertanggung jawab atas pengurusan Emiten atau Perusahaan Publik sesuai dengan maksud dan tujuan yang ditetapkan dalam anggaran dasar (Pasal 12 ayat 1).
2. Menyelenggarakan RUPS tahunan dan RUPS lainnya sesuai dengan peraturan perundang-undangan dan anggaran dasar (Pasal 12 ayat 2).
3. Melaksanakan tugas dan tanggung jawab dengan itikad baik, penuh tanggung jawab, dan kehati-hatian (Pasal 12 ayat 3).
4. Membentuk komite jika diperlukan, dan melakukan evaluasi terhadap kinerja komite setiap akhir tahun buku (Pasal 12 ayat 5).
5. Bertanggung jawab secara tanggung renteng atas kerugian Emiten atau Perusahaan Publik yang disebabkan oleh kesalahan atau kelalaian dalam menjalankan tugasnya (Pasal 13 ayat 1).
6. Tidak dapat dipertanggungjawabkan atas kerugian jika dapat membuktikan syarat-syarat yang telah ditetapkan dalam Pasal 13 ayat 2.

Regulasi yang mengatur kewajiban Direksi tersebut adalah Undang-Undang Nomor 8 Tahun 1995 tentang Pasar Modal, terutama Pasal 12 dan Pasal 13.","
(1) Direksi wajib melakukan pengumuman RUPS kepada pemegang saham paling lambat 15 (lima belas) hari terhitung sejak tanggal permintaan penyelenggaraan RUPS sebagaimana dimaksud dalam Pasal 3 ayat (1) diterima Direksi. (2) Direksi wajib menyampaikan pemberitahuan mata acara rapat dan surat tercatat sebagaimana dimaksud dalam Pasal 3 ayat (2) dari pemegang saham atau Dewan Komisaris kepada Otoritas Jasa Keuangan paling lambat 5 (lima) hari kerja sebelum pengumuman sebagaimana dimaksud pada ayat (1).",,0
15,"Berdasarkan Pasal 4 ayat 1 yang terdapat dalam regulasi mengenai pemenuhan ketentuan peraturan perundang-undangan di bidang pasar modal, yaitu Pasal 4 dari Peraturan Otoritas Jasa Keuangan Nomor 31/POJK.04/2015 tentang Tanggung Jawab Direksi dan Dewan Komisaris Emiten atau Perusahaan Publik, Direksi wajib melakukan pengumuman Rapat Umum Pemegang Saham (RUPS) kepada pemegang saham paling lambat 15 (lima belas) hari terhitung sejak tanggal permintaan penyelenggaraan RUPS diterima Direksi.","
a. terdapat permintaan penyelenggaraan RUPS dari pemegang saham yang tidak diselenggarakan; dan b. alasan tidak diselenggarakannya RUPS.",,1
16,"Pasal 7 menyatakan bahwa pemegang saham yang telah memperoleh penetapan pengadilan untuk menyelenggarakan RUPS wajib menyelenggarakan RUPS. Oleh karena itu, pemegang saham yang telah memperoleh penetapan pengadilan harus menyelenggarakan RUPS sesuai dengan ketentuan dalam Pasal 7.","
Pemegang saham yang telah memperoleh penetapan pengadilan untuk menyelenggarakan RUPS sebagaimana dimaksud dalam Pasal 6 ayat (2) wajib menyelenggarakan RUPS.",,1
17,Pasal 11 ayat (2) Peraturan Otoritas Jasa Keuangan Nomor 15/POJK.04/2020 tentang RUPS Perusahaan Terbuka menyatakan bahwa Perusahaan Terbuka wajib menentukan tempat dan waktu penyelenggaraan RUPS.,"
Tempat dan Waktu Penyelenggaraan RUPS Pasal 11 (1) RUPS wajib diselenggarakan di wilayah Negara Republik Indonesia. (2) Perusahaan Terbuka wajib menentukan tempat dan waktu penyelenggaraan RUPS. (3) Tempat penyelenggaraan RUPS sebagaimana dimaksud pada ayat (2) wajib dilakukan di: a. tempat kedudukan Perusahaan Terbuka; b. tempat Perusahaan Terbuka melakukan kegiatan usaha utamanya; c. ibukota provinsi tempat kedudukan atau tempat kegiatan usaha utama Perusahaan Terbuka; atau d. provinsi tempat kedudukan bursa efek yang mencatatkan saham Perusahaan Terbuka.",,1
18,"Dalam memenuhi ketentuan penyelenggaraan RUPS, Perusahaan Terbuka wajib memenuhi beberapa ketentuan yang diatur dalam Peraturan Otoritas Jasa Keuangan. Beberapa kewajiban yang harus dipenuhi oleh Perusahaan Terbuka dalam menyelenggarakan RUPS antara lain:

1. Menyampaikan pemberitahuan mata acara rapat kepada Otoritas Jasa Keuangan.
2. Melakukan pengumuman RUPS kepada pemegang saham.
3. Melakukan pemanggilan RUPS kepada pemegang saham.
4. Jika melakukan perubahan Kegiatan Usaha, harus terlebih dahulu memperoleh persetujuan RUPS.
5. Menggunakan Penilai untuk melakukan studi kelayakan atas perubahan Kegiatan Usaha.
6. Mengumumkan keterbukaan informasi mengenai rencana perubahan Kegiatan Usaha kepada pemegang saham bersamaan dengan pengumuman RUPS.
7. Menyediakan data tentang perubahan Kegiatan Usaha bagi pemegang saham sejak saat pengumuman RUPS.
8. Menyampaikan keterbukaan informasi dan dokumen pendukungnya kepada Otoritas Jasa Keuangan paling lambat pada saat pengumuman RUPS.

Ketentuan ini diatur dalam Pasal 12 dan Pasal 22 Peraturan Otoritas Jasa Keuangan Nomor 32/POJK.04/2014 tentang Rencana dan Penyelenggaraan Rapat Umum Pemegang Saham Perusahaan Terbuka.","
a. menyampaikan pemberitahuan mata acara rapat kepada Otoritas Jasa Keuangan; b. melakukan pengumuman RUPS kepada pemegang saham; dan c. melakukan pemanggilan RUPS kepada pemegang saham.",,1
19,"Dalam hal pengumuman RUPS, sesuai dengan Pasal 14 ayat (2) Peraturan Otoritas Jasa Keuangan Nomor 32/POJK.04/2014, pengumuman RUPS wajib memuat paling sedikit:
a. ketentuan pemegang saham yang berhak hadir dalam RUPS; 
b. ketentuan pemegang saham yang berhak.","
a. ketentuan pemegang saham yang berhak hadir dalam RUPS; b. ketentuan pemegang saham yang berhak mengusulkan mata acara rapat; c. tanggal penyelenggaraan RUPS; dan d. tanggal pemanggilan RUPS.",,0
20,"Dalam konteks yang disediakan, yang dimaksud dengan ""Transaksi Material"" adalah setiap transaksi yang dilakukan oleh perusahaan terbuka atau perusahaan terkendali yang memenuhi batasan nilai sebagaimana diatur dalam Peraturan Otoritas Jasa Keuangan. Hal ini diatur dalam Peraturan Otoritas Jasa Keuangan tentang Transaksi Material dan Perubahan Kegiatan Usaha, pada Pasal 1 ayat 1.","
Transaksi Material adalah setiap transaksi yang dilakukan oleh perusahaan terbuka atau perusahaan terkendali yang memenuhi batasan nilai sebagaimana diatur dalam Peraturan Otoritas Jasa Keuangan ini.",,1
21,Suatu transaksi dikategorikan sebagai Transaksi Material apabila nilai transaksi sama dengan 20% (dua puluh persen) atau lebih dari ekuitas Perusahaan Terbuka. Hal ini diatur dalam Pasal 3 (1) Peraturan Otoritas Jasa Keuangan Nomor 17/POJK.04/2019.,"
Suatu transaksi dikategorikan sebagai Transaksi Material apabila nilai transaksi sama dengan 20% (dua puluh persen) atau lebih dari ekuitas Perusahaan Terbuka.",,0
22,"Perusahaan Terbuka yang akan melakukan Transaksi Material wajib mematuhi prosedur yang diatur dalam Peraturan Otoritas Jasa Keuangan Nomor 17/POJK.04/2020 tentang Transaksi Material yang mencakup beberapa ketentuan, antara lain:

1. Menggunakan Penilai untuk menentukan nilai wajar dari objek Transaksi Material dan/atau kewajaran transaksi.
2. Mengumumkan keterbukaan informasi atas setiap Transaksi Material kepada masyarakat.
3. Menyampaikan keterbukaan informasi dan dokumen pendukungnya kepada Otoritas Jasa Keuangan.
4. Memperoleh persetujuan Rapat Umum Pemegang Saham (RUPS) dalam beberapa kondisi tertentu, seperti jika Transaksi Material melebihi ambang batas tertentu yang ditetapkan.

Regulasi ini bertujuan untuk memastikan transparansi, keadilan, dan perlindungan kepentingan pemegang saham dan publik terkait dengan Transaksi Material yang dilakukan oleh Perusahaan Terbuka.","
a. menggunakan Penilai untuk menentukan nilai wajar dari objek Transaksi Material dan/atau kewajaran transaksi dimaksud; b. mengumumkan keterbukaan informasi atas setiap Transaksi Material kepada masyarakat; c. menyampaikan keterbukaan informasi sebagaimana dimaksud dalam huruf b dan dokumen pendukungnya kepada Otoritas Jasa Keuangan; d. terlebih dahulu memperoleh persetujuan RUPS dalam hal: 1. Transaksi Material sebagaimana dimaksud dalam Pasal 3 ayat (1) dan ayat (2) lebih dari 50% (lima puluh persen); 2. Transaksi Material sebagaimana dimaksud dalam Pasal 3 ayat (3) lebih dari 25% (dua puluh lima persen); atau 3. laporan Penilai menyatakan bahwa Transaksi Material yang akan dilakukan tidak wajar; dan - 6 - e. melaporkan hasil pelaksanaan Transaksi Material pada laporan tahunan.",,1
23,Hal wajib dari keterbukaan informasi yang terdapat dalam ayat 2 adalah paling sedikit memuat: a. tanggal kejadian; b. jenis Informasi atau Fakta Material; c. uraian Informasi atau Fakta Material. Hal ini diatur dalam Pasal 2 ayat (2) dari Peraturan Otoritas Jasa Keuangan tentang Keterbukaan Atas Informasi atau Fakta Material oleh Emiten atau Perusahaan Publik.,"
a. penjelasan, pertimbangan, dan alasan dilakukannya perubahan Kegiatan Usaha; b. informasi keuangan segmen operasi; c. analisis manajemen atas kerugian segmen operasi; d. pernyataan manajemen bahwa pengurangan tersebut tidak mengganggu kelangsungan usaha Perusahaan Terbuka; dan e. tanggal keputusan perubahan Kegiatan Usaha.",,0
24,Transaksi material dilakukan oleh Perusahaan Terbuka atau perusahaan terkendali sesuai dengan ketentuan yang diatur dalam Peraturan Otoritas Jasa Keuangan tentang Transaksi Material dan Perubahan Kegiatan Usaha. Hal ini diatur dalam Pasal 1 huruf h dari Peraturan Otoritas Jasa Keuangan tersebut.,"
a. Perusahaan Terkendali yang bukan merupakan Perusahaan Terbuka dan laporan keuangannya dikonsolidasikan dengan Perusahaan Terbuka, Perusahaan Terbuka wajib melakukan prosedur sebagaimana diatur dalam Peraturan Otoritas Jasa Keuangan ini; atau b. Perusahaan Terkendali yang merupakan Perusahaan Terbuka dan laporan keuangannya dikonsolidasikan dengan Perusahaan Terbuka, hanya Perusahaan Terkendali dimaksud yang wajib melakukan prosedur sebagaimana diatur dalam Peraturan Otoritas Jasa Keuangan ini.",,1
25,"Berdasarkan informasi yang diberikan, definisi afiliasi dalam Pasar Modal di Indonesia diatur dalam Undang-Undang Nomor 8 Tahun 1995 tentang Pasar Modal. Pasal 1 ayat 1 dari Undang-Undang tersebut menjelaskan bahwa afiliasi adalah hubungan keluarga karena perkawinan sampai dengan derajat kedua, baik secara horizontal maupun vertikal, seperti hubungan antara suami atau istri, orang tua dari suami atau istri, kakek dan nenek dari suami atau istri, saudara dari suami atau istri, dan sebagainya. Selain itu, afiliasi juga mencakup hubungan keluarga karena keturunan sampai dengan derajat kedua, baik secara horizontal maupun vertikal, seperti hubungan antara orang tua dan anak, kakek dan nenek serta cucu, saudara dari orang yang bersangkutan, dan lain sebagainya.","
Afiliasi adalah: a. hubungan keluarga karena perkawinan dan keturunan sampai derajat kedua, baik secara horizontal maupun vertikal; b. hubungan antara pihak dengan pegawai, direktur, atau komisaris dari pihak tersebut; c. hubungan antara 2 (dua) perusahaan di mana terdapat 1 (satu) atau lebih anggota direksi atau dewan komisaris yang sama; d. hubungan antara perusahaan dan pihak, baik langsung maupun tidak langsung, mengendalikan atau dikendalikan oleh perusahaan tersebut; e. hubungan antara 2 (dua) perusahaan yang dikendalikan, baik langsung maupun tidak langsung, oleh pihak yang sama; atau f. hubungan antara perusahaan dan pemegang saham utama.",,0.5
26,"Perusahaan Terbuka yang melakukan Transaksi Afiliasi wajib melakukan hal-hal berikut sesuai dengan Peraturan Otoritas Jasa Keuangan:

1. Menggunakan Penilai untuk menentukan nilai wajar dari objek Transaksi Afiliasi dan/atau kewajaran transaksi tersebut.
2. Mengumumkan keterbukaan informasi atas setiap Transaksi Afiliasi kepada masyarakat.
3. Menyampaikan keterbukaan informasi dan dokumen pendukungnya kepada Otoritas Jasa Keuangan.
4. Memperoleh persetujuan Pemegang Saham Independen dalam Rapat Umum Pemegang Saham, jika nilai Transaksi Afiliasi memenuhi batasan nilai transaksi material yang wajib memperoleh persetujuan tersebut.

Hal-hal tersebut diatur dalam Pasal 4 ayat (1) dari Peraturan Otoritas Jasa Keuangan.","
Perusahaan Terbuka yang melakukan Transaksi Afiliasi wajib: a. menggunakan Penilai untuk menentukan nilai wajar dari objek Transaksi Afiliasi dan/atau kewajaran transaksi dimaksud; b. mengumumkan keterbukaan informasi atas setiap Transaksi Afiliasi kepada masyarakat; - 6 - c. menyampaikan keterbukaan informasi sebagaimana dimaksud dalam huruf b dan dokumen pendukungnya kepada Otoritas Jasa Keuangan; dan d. terlebih dahulu memperoleh persetujuan Pemegang Saham Independen dalam RUPS, dalam hal: 1. nilai Transaksi Afiliasi memenuhi batasan nilai transaksi material yang wajib memperoleh persetujuan RUPS; 2. Transaksi Afiliasi yang dapat mengakibatkan terganggunya kelangsungan usaha Perusahaan Terbuka; dan/atau 3. melakukan Transaksi Afiliasi yang berdasarkan pertimbangan Otoritas Jasa Keuangan memerlukan persetujuan Pemegang Saham Independen.",,1
27,"Setiap pihak yang melanggar ketentuan sebagaimana disebutkan dalam Pasal 24 ayat (3) dan ayat (4), Pasal 25 ayat (2), Pasal 26 ayat (1) dan ayat (2), Pasal 28 ayat (1), Pasal 29 ayat (1), Pasal 30, Pasal 31 ayat (2), ayat (3), dan ayat (7), Pasal 32 ayat (2), Pasal 32 ayat (3) dan ayat (6), Pasal 33, Pasal 34, Pasal 35 ayat (1), ayat (3), dan ayat (5), Pasal 36 ayat (1), ayat (3), dan ayat (7), Pasal 37 ayat (3), Pasal 38 ayat (2), ayat (3), ayat (4), dan ayat (5), Pasal 39 ayat (2), Pasal 40 ayat (2), ayat (3), ayat (5), dan/atau ayat (6) dikenai sanksi administratif berupa peringatan tertulis, pembatasan kegiatan usaha, dan/atau pencabutan izin berdasarkan Pasal 41 ayat (1) huruf a, b, dan c dari Peraturan Otoritas Jasa Keuangan Nomor 1/POJK.07/2013 tentang Penyelenggaraan Kegiatan Usaha Perdagangan Berjangka Komoditi.","
Setiap pihak yang melanggar ketentuan sebagaimana dimaksud dalam Pasal 2, Pasal 3, Pasal 4 ayat (1), ayat (2), ayat (3), dan ayat (4), Pasal 6 ayat (2), Pasal 7 ayat (3), Pasal 8 ayat (3), Pasal 9, Pasal 10, Pasal 11 ayat (1), ayat (2), ayat (3), dan ayat (4), Pasal 12 ayat (2), Pasal 13 ayat (3), Pasal 15, Pasal 16, Pasal 17, Pasal 18, Pasal 19, Pasal 21, Pasal 22, Pasal 24, Pasal 25, dan Pasal 26 dikenai sanksi administratif.",,1
28,Dokumen yang dimaksud dalam Pasal 26 Ayat (2) Huruf c adalah Kartu Izin Tinggal. Penjelasan tersebut dapat ditemukan dalam Peraturan Otoritas Jasa Keuangan Nomor 1/POJK.07/2013 tentang Perlindungan Nasabah pada Kegiatan Pemberian Informasi atau Penerimaan Order atas Produk dan/atau Jasa Perbankan yang diterbitkan pada tahun 2013.,"
Dokumen sebagaimana dimaksud pada ayat (1) huruf c harus meliputi: - 7 - a. laporan Penilai; dan b. dokumen pendukung lainnya.",,0
29,"Dalam konteks yang disediakan, ketentuan mengenai Transaksi Afiliasi diatur dalam Peraturan Nomor IX.E.1, lampiran Keputusan Ketua Badan Pengawas Pasar Modal Nomor: Kep-412/BL/2009 tanggal 25 November 2009 tentang Transaksi Afiliasi dan Benturan Kepentingan Transaksi Tertentu. Transaksi Afiliasi adalah setiap aktivitas dan/atau transaksi yang dilakukan oleh perusahaan terbuka atau perusahaan terkendali dengan Afiliasi dari perusahaan terbuka atau Afiliasi dari anggota direksi, anggota dewan komisaris, pemegang saham utama, atau Pengendali, termasuk setiap aktivitas dan/atau transaksi yang dilakukan oleh perusahaan terbuka atau perusahaan terkendali untuk kepentingan Afiliasi dari perusahaan terbuka atau Afiliasi dari anggota direksi, anggota dewan komisaris, pemegang saham utama, atau Pengendali.","
uraian mengenai Transaksi Afiliasi, memuat paling sedikit: 1. tanggal transaksi; 2. objek transaksi; 3. nilai transaksi; 4. nama pihak yang melakukan transaksi dan hubungan dengan Perusahaan Terbuka; dan 5. sifat hubungan Afiliasi dari pihak yang melakukan transaksi dengan Perusahaan Terbuka;",,1
30,"Fakta Material adalah informasi atau fakta penting dan relevan mengenai peristiwa, kejadian, atau fakta yang dapat mempengaruhi harga Efek pada Bursa Efek dan/atau keputusan pemodal, calon pemodal, atau pihak lain yang berkepentingan atas informasi atau fakta tersebut. Penjelasan ini didasarkan pada Peraturan Otoritas Jasa Keuangan Republik Indonesia tentang Keterbukaan atas Informasi atau Fakta Material oleh Emiten atau Perusahaan Publik, pada Bab I Ketentuan Umum, Pasal 1.","
Fakta Material adalah informasi atau fakta penting dan relevan mengenai peristiwa, kejadian, atau fakta yang dapat mempengaruhi harga Efek pada bursa Efek dan/atau keputusan pemodal, calon pemodal, atau pihak lain yang berkepentingan atas informasi atau fakta tersebut.",,1
31,Peraturan Otoritas Jasa Keuangan (POJK) Nomor 11/POJK.04/2018 tentang Penawaran Umum Efek Bersifat Utang dan/atau Sukuk kepada Pemodal Profesional berlaku untuk Emiten yang melakukan penawaran umum efek bersifat utang dan/atau sukuk kepada pemodal profesional.,"
a. Emiten Skala Kecil dan Emiten Skala Menengah, yang nilai rata-rata kapitalisasi pasar selama jangka waktu 1 (satu) tahun sebelum berakhirnya periode laporan keuangan tahunan terakhir tidak lebih dari Rp250.000.000.000,00 (dua ratus lima puluh miliar rupiah); dan b. Perusahaan Publik, yang memenuhi kriteria aset dan pengendalian sebagaimana dimaksud dalam Pasal 1 angka 7 dan Pasal 1 angka 8, berdasarkan laporan keuangan tahunan terakhir yang diaudit.",,0
32,Emiten Skala Kecil dan Emiten Skala Menengah wajib memiliki paling sedikit 1 (satu) komisaris independen berdasarkan Pasal 5 dari Peraturan Otoritas Jasa Keuangan Nomor 10/POJK.04/2017 tentang Tata Kelola Perusahaan Bagi Emiten atau Perusahaan Publik yang berlaku pada tahun 2017.,"
Emiten Skala Kecil dan Emiten Skala Menengah wajib memiliki paling sedikit 1 (satu) komisaris independen.",,1
33,Emiten Skala Kecil dan Emiten Skala Menengah yang Efeknya tercatat di bursa Efek wajib melakukan pengumuman kepada masyarakat melalui Situs Web Emiten dan Situs Web bursa. Hal ini diatur dalam Peraturan Otoritas Jasa Keuangan Nomor 15/POJK.04/2020 tentang Penerbitan dan Perdagangan Efek Syariah.,"
Emiten Skala Kecil dan Emiten Skala Menengah yang Efeknya tercatat di bursa Efek wajib melakukan: - 9 - a. pengumuman atas Laporan Keuangan Berkala sebagaimana diatur dalam Peraturan Otoritas Jasa Keuangan mengenai penyampaian laporan keuangan berkala Emiten atau Perusahaan Publik; b. keterbukaan informasi sebagaimana dimaksud dalam Pasal 7; dan c. pengumuman Informasi atau Fakta Material sebagaimana diatur dalam Peraturan Otoritas Jasa Keuangan mengenai Keterbukaan atas Informasi atau Fakta Material oleh Emiten atau Perusahaan Publik, paling sedikit melalui: 1. Situs Web Emiten Skala Kecil atau Emiten Skala Menengah; dan 2. Situs Web bursa Efek. (2) Emiten Skala Kecil dan Emiten Skala Menengah yang Efeknya tidak tercatat di bursa Efek wajib melakukan: a. pengumuman atas Laporan Keuangan Berkala sebagaimana dimaksud dalam dalam Peraturan Otoritas Jasa Keuangan mengenai penyampaian laporan keuangan berkala Emiten atau Perusahaan Publik; b. keterbukaan informasi sebagaimana dimaksud dalam Pasal 7; dan c. pengumuman Informasi atau Fakta Material sebagaimana diatur dalam Peraturan Otoritas Jasa Keuangan mengenai Keterbukaan atas Informasi atau Fakta Material oleh Emiten atau Perusahaan Publik, paling sedikit melalui: 1. Situs Web Emiten Skala Kecil atau Emiten Skala Menengah; dan 2. surat kabar harian berbahasa Indonesia yang berperedaran nasional atau Situs Web yang disediakan Otoritas Jasa Keuangan.",,0
34,Pasal 11 tentang pemberlakuan ketentuan pengumuman melalui Situs Web yang disediakan oleh Otoritas Jasa Keuangan diatur dalam Peraturan Otoritas Jasa Keuangan Nomor 31/POJK.04/2015.,"
Pemberlakuan ketentuan pengumuman melalui Situs Web yang disediakan oleh Otoritas Jasa Keuangan sebagaimana - 10 - dimaksud dalam Pasal 10 ayat (2) angka 2 ditetapkan oleh Otoritas Jasa Keuangan",,1
35,"Selain pengenaan sanksi administratif, Otoritas Jasa Keuangan juga dapat melakukan tindakan tertentu terhadap setiap pihak yang melakukan pelanggaran ketentuan Peraturan Otoritas Jasa Keuangan. Tindakan tertentu ini dapat diumumkan kepada masyarakat sesuai dengan Pasal 6 dari Peraturan Otoritas Jasa Keuangan yang mengatur mengenai ketentuan sanksi administratif. Penjelasan tersebut dapat ditemukan dalam Peraturan Otoritas Jasa Keuangan Pasal 6.","
Selain sanksi administratif sebagaimana dimaksud dalam Pasal 15 ayat (4), Otoritas Jasa Keuangan dapat melakukan tindakan tertentu terhadap setiap pihak yang melakukan pelanggaran ketentuan Peraturan Otoritas Jasa Keuangan ini.",,1
36,"Perusahaan Publik adalah perseroan yang sahamnya telah dimiliki paling sedikit oleh 300 (tiga ratus) pemegang saham dan memiliki modal disetor paling sedikit Rp3.000.000.000,00 (tiga miliar rupiah) atau suatu jumlah pemegang saham dan modal disetor yang ditetapkan oleh Otoritas Jasa Keuangan. Hal ini diatur dalam Pasal 2 ayat 2 Peraturan Otoritas Jasa Keuangan Nomor 31/POJK.04/2015 tentang Penerbitan dan Perdagangan Efek Bersifat Ekuitas pada Perusahaan Terbuka.","
Selain sanksi administratif sebagaimana dimaksud dalam Pasal 15 ayat (4), Otoritas Jasa Keuangan dapat melakukan tindakan tertentu terhadap setiap pihak yang melakukan pelanggaran ketentuan Peraturan Otoritas Jasa Keuangan ini.",,1
37,Situs web adalah kumpulan halaman web yang memuat informasi atau data yang dapat diakses melalui suatu sistem jaringan internet. Penjelasan ini sesuai dengan Pasal 13 Peraturan Otoritas Jasa Keuangan Nomor 31/POJK.04/2015 tentang Penerbitan dan Perdagangan Efek Beragun Aset.,"
Situs Web adalah kumpulan halaman web yang memuat informasi atau data yang dapat diakses melalui suatu sistem jaringan internet.",,1
38,"Sistem keuangan adalah serangkaian perangkat dan prosedur elektronik yang berfungsi mempersiapkan, mengumpulkan, mengolah, menganalisis, menyimpan, menampilkan, mengumumkan, mengirimkan, dan/atau menyebarkan informasi elektronik di bidang layanan jasa keuangan. Penjelasan ini sesuai dengan ketentuan dalam Peraturan Otoritas Jasa Keuangan Nomor 12/POJK.01/2017 tentang Penerapan Program Anti Pencucian Uang dan Pencegahan Pendanaan Terorisme di Sektor Jasa Keuangan sebagaimana telah diubah dengan Peraturan Otoritas Jasa Keuangan Nomor 23/POJK.01/2019.","
Sistem Keuangan adalah suatu kesatuan yang terdiri atas lembaga jasa keuangan, pasar keuangan, dan infrastruktur keuangan, termasuk sistem pembayaran, yang berinteraksi dalam memfasilitasi pengumpulan dana masyarakat dan pengalokasiannya untuk mendukung aktivitas perekonomian nasional, serta korporasi dan rumah tangga yang terhubung dengan lembaga jasa keuangan.",,1
39,"Undang-Undang tentang Pengembangan dan Penguatan Sektor Keuangan berdasarkan asas-asas kehati-hatian, kepatuhan, transparansi, dan perlindungan konsumen. Hal ini diatur dalam Pasal 2 Undang-Undang Nomor 4 Tahun 2023 tentang Pengembangan dan Penguatan Sektor Keuangan.","
Undang-Undang ini dilaksanakan berdasarkan asas: a. kepentingan nasional; b. kemanfaatan; c. kepastian hukum; d. keterbukaan; e. akuntabilitas; e. akuntabilitas; f. keadilan; g. Pelindungan Konsumen; h. edukasi; dan i. keterpaduan.",,1
40,"Undang-Undang Nomor 4 Tahun 2023 tentang Pengembangan dan Penguatan Sektor Keuangan memiliki maksud dan tujuan untuk mengatur pengembangan dan penguatan sektor keuangan di Indonesia. Undang-Undang ini bertujuan untuk menciptakan sistem perlindungan konsumen yang andal, meningkatkan pemberdayaan konsumen, dan menumbuhkan kesadaran masyarakat mengenai pentingnya perlindungan konsumen dan masyarakat sehingga dapat meningkatkan kepercayaan masyarakat pada sektor jasa keuangan. Salah satu aspek yang diatur dalam Undang-Undang ini adalah perlindungan konsumen dan masyarakat di sektor jasa keuangan. (Pasal 1 dan Pasal 2 Peraturan Otoritas Jasa Keuangan tentang Perlindungan Konsumen dan Masyarakat di Sektor Jasa Keuangan)","
(1) Undang-Undang ini dibentuk dengan maksud mendorong kontribusi sektor keuangan bagi pertumbuhan ekonorni yang inklusif, berkelanjutan, dan berkeadilan guna meningkatkan taraf hidup masyarakat, mengurangi ketimpangan ekonomi, dan mewujudkan Indonesia yang sejahtera, maju, dan bermartabat. (21 Undang-Undang ini dibentuk dengan tujuan untuk: a. mengoptimalkan fungsi intermediasi sektor keuangan kepada usaha sektor produktif; b. meningkatkan portofolio pendanaan terhadap sektor usaha yang produktif; c. meningkatkan kemudahan akses dan literasi terkait jasa keuangan; d. meningkatkan dan memperluas inklusi sektor keuangan; e. memperluas sumber pembiayaan jangka panjang; f. meningkatkan daya saing dan efisiensi sektor keuangan; g. mengembangkan instrumen di pasar keuangan dan memperkuat mitigasi risiko; h. meningkatkan pembinaan, pengawasa.n, dan Pelindungan Konsumen; i. memperkuat pelindungan atas data pribadi nasabah sektor keuangan; j. memperkuat kelembagaan dan ketahanan Stabilitas Sistem Keuangan; k. mengembangkan dan memperkuat ekosistem sektor keuangan; 1. memperkuat wewenang, tanggung jawab, tugas, dan fungsi regulator sektor keuangan; dan m. meningkatkan daya saing masyarakat sehingga dapat berusaha secara efektif dan efisien.",,1
41,Undang-Undang tentang Pengembangan dan Penguatan Sektor Keuangan memiliki ruang lingkup yang meliputi efektivitas penegakan hukum di sektor jasa keuangan. Hal ini diatur dalam Pasal 49 dalam Pasal 8 angka 21 Undang-Undang Nomor 4 Tahun 2023 tentang Pengembangan dan Penguatan Sektor Keuangan.,"
ruang lingkup dalam Undang-Undang ini mengatur ekosistem sektor keuangan meliputi: a. kelembagaan; b. perbankan; c. Pasar Modal, Pasar Uang, dan Pasar Valuta Asing; d. perasuransian dan penjaminan; e. asuransi Usaha Bersama; f. program penjaminan polis; g. Usaha Jasa Pembiayaan; h. kegiatan usaha bulion (bullionl; i. Dana Pensiun, program jaminan hari tua, dan program pensiun; j. kegiatan koperasi di sektor jasa keuangan; k. lembaga keuangan mikro; l. Konglomerasi Keuangan; m. ITSK; n. penerapan Keuangan Berkelanjutan; o. Literasi Keuangan, Inklusi Keuangan, dan Pelindungan Konsumen; p. akses pembiayaan Usaha Mikro, Kecil, dan Menengah; q. sumber daya manusia; r. Stabilitas Sistem Keuangan; s. lembaga pembiayaan ekspor Indonesia; dan t. penegakan hukum di sektor keuangan.",,1
42,"Otoritas Jasa Keuangan (OJK) memiliki tujuan antara lain untuk mewujudkan kegiatan jasa keuangan yang adil serta mampu melindungi kepentingan konsumen dan masyarakat. Hal ini diatur dalam Undang-Undang Nomor 21 Tahun 2011 tentang Otoritas Jasa Keuangan Pasal 4. Salah satu fungsi, tugas, dan wewenang OJK adalah menetapkan peraturan mengenai perintah tertulis sesuai dengan kewenangan pengaturan dan mengenakan perintah tertulis kepada pihak di sektor jasa keuangan sesuai dengan kewenangan pengawasan. Selain itu, OJK juga bertujuan agar keseluruhan kegiatan di dalam sektor jasa keuangan terselenggara secara teratur, adil, transparan, akuntabel, dan mampu mewujudkan sistem keuangan yang tumbuh secara berkelanjutan dan stabil, serta mampu melindungi kepentingan konsumen dan masyarakat.","
Tujuan Bank Indonesia adalah mencapai stabilitas nilai rupiah, memelihara stabilitas Sistem Pembayaran, dan turut menjaga Stabilitas Sistem Keuangan dalam rangka mendukung pertumbuhan ekonomi yang berkelanjutan.",,1
43,"Definisi deposito diatur dalam Peraturan Otoritas Jasa Keuangan Nomor 1/POJK.07/2013 tentang Laporan dan Penyampaian Informasi oleh Bank Umum yang berlaku sejak 1 Juli 2013. Deposito adalah simpanan yang ditempatkan pada bank dengan syarat dan ketentuan tertentu, termasuk deposito berjangka yang dijaminkan ke bank untuk mendapatkan pinjaman jangka pendek atau untuk kepentingan modal kerja Perusahaan Efek. Deposito juga dapat berupa penempatan dana pada deposito berjangka pada bank di dalam negeri atau di luar negeri, sesuai dengan ketentuan yang berlaku.","
""Deposito adalah Simpanan berdasarkan Akad
mudharabah atau Akad lain yang tidak bertentangan
dengan Prinsip Syariah yang penarikannya hanya
dapat dilakukan pada waktu tertentu berdasarkan
Akad antara Nasabah Penyimpan dan Bank Syariah
dan/atau UUS.",,1
44,"Otoritas Jasa Keuangan (OJK) adalah lembaga yang memiliki fungsi sebagai regulator sektor jasa keuangan, termasuk di bidang pasar modal. OJK berperan dalam mengatur dan mengawasi terselenggaranya pasar modal secara teratur, adil, transparan, akuntabel, berkelanjutan, dan stabil, serta melindungi kepentingan para investor, khususnya pemegang saham publik. Landasan hukum untuk fungsi tersebut antara lain terdapat dalam Undang-Undang Nomor 21 Tahun 2011 tentang Otoritas Jasa Keuangan (UU OJK). Pasal 4 UU OJK menyebutkan bahwa OJK dibentuk dengan tujuan agar keseluruhan kegiatan jasa keuangan di dalam sektor jasa keuangan terselenggara secara teratur, adil, transparan, dan akuntabel, serta mampu mewujudkan sistem keuangan yang tumbuh secara berkelanjutan dan stabil, dan mampu melindungi kepentingan Konsumen dan masyarakat. Salah satu peraturan terkait adalah Peraturan Otoritas Jasa Keuangan Nomor 29/POJK.04/2021 tentang Penawaran yang Bukan Merupakan Penawaran Umum.","""
Otoritas Jasa Keuangan adalah lembaga negara yang independen yang mempunyai fungsi, tugas, dan wewenang pengaturan, pengawasan, pemeriksaan, dan penyidikan sebagaimana dimaksud dalam undang-undang mengenai Otoritas Jasa Keuangan.",,1
45,"Larangan bagi Perusahaan Efek atau Penasihat Investasi berdasarkan Peraturan Presiden Republik Indonesia Nomor 33 Tahun 2019 adalah:
a. menggunakan pengaruh atau mengadakan tekanan yang bertentangan dengan kepentingan nasabah;
b. mengungkapkan nama atau kegiatan nasabah, kecuali diberi instruksi secara tertulis oleh nasabah atau diwajibkan menurut peraturan perundang-undangan yang berlaku;
c. mengemukakan secara tidak benar atau tidak mengemukakan fakta yang material kepada nasabah mengenai kemampuan usaha atau keadaan keuangannya;
d. merekomendasikan kepada nasabah untuk membeli atau menjual Efek tanpa memberitahukan adanya kepentingan Perusahaan Efek dan Penasihat Investasi dalam Efek tersebut; atau
e. membeli atau memiliki Efek untuk rekening Perusahaan Efek itu sendiri atau untuk rekening Pihak terafiliasi jika terdapat kelebihan permintaan beli dalam Penawaran Umum dalam hal Perusahaan Efek tersebut bertindak sebagai Penjamin Emisi Efek atau agen penjualan.","
Perusahaan Efek atau Penasihat Investasi dilarang: a. menggunakan pengaruh atau mengadakan tekanan yang bertentangan dengan kepentingan nasabah; b. mengungkapkanâ€¦ b. mengungkapkan nama atau kegiatan nasabah, kecuali diberi instruksi secara tertulis oleh nasabah atau diwajibkan menurut peraturan perundang-undangan yang berlaku; c. mengemukakan secara tidak benar atau tidak mengemukakan fakta yang material kepada nasabah mengenai kemampuan usaha atau keadaan keuangannya; d. merekomendasikan kepada nasabah untuk membeli atau menjual Efek tanpa memberitahukan adanya kepentingan Perusahaan Efek dan Penasihat Investasi dalam Efek tersebut; atau e. membeli atau memiliki Efek untuk rekening Perusahaan Efek itu sendiri atau untuk rekening Pihak terafiliasi jika terdapat kelebihan permintaan beli dalam Penawaran Umum dalam hal Perusahaan Efek tersebut bertindak sebagai Penjamin Emisi Efek atau agen penjualan, kecuali pesanan Pihak yang tidak terafiliasi telah terpenuhi seluruhnya.",,1
46,"Kewajiban Perusahaan Efek atau Penasihat Investasi termaktub dalam Peraturan Otoritas Jasa Keuangan Nomor 35/POJK.04/2014. Beberapa kewajiban tersebut antara lain:

1. Mengungkapkan Fakta Material secara benar dan jujur mengenai kemampuan profesi serta keadaan keuangannya kepada nasabah (Huruf c).
2. Menghindari kemungkinan terjadinya benturan kepentingan dengan mengungkapkan segala kepentingan dalam Efek yang bersangkutan kepada nasabah sebelum memberikan rekomendasi (Huruf d).
3. Mengetahui latar belakang, keadaan keuangan, dan tujuan investasi nasabahnya serta membuat dan menyimpan catatan mengenai pesanan, transaksi, dan kondisi keuangannya (Pasal 36).
4. Menyimpan Efek nasabah dalam rekening terpisah dan menyelenggarakan pembukuan secara terpisah untuk setiap nasabah (Pasal 37).
5. Tidak melakukan transaksi atas Efek yang tercatat pada Bursa Efek untuk Pihak terafiliasi atau kepentingan sendiri jika nasabah yang tidak terafiliasi telah memberikan instruksi (Pasal 38).
6. Mendahulukan kepentingan Pihak lain yang tidak terafiliasi yang telah memesan Efek daripada pesanan sendiri atau pihak terafiliasi dalam kelebihan permintaan dalam Penawaran Umum (Pasal 36).

Demikianlah beberapa kewajiban yang harus dipatuhi oleh Perusahaan Efek atau Penasihat Investasi sesuai dengan peraturan yang berlaku.","
a. mengetahui latar belakang, keadaan keuangan, dan tujuan investasi nasabahnya; dan b. membuat dan menyimpan catatan dengan baik mengenai pesanan, transaksi, dan kondisi keuangannya",,1
47,"Kustodian adalah pihak yang memberikan jasa penitipan Efek dan harta lain yang berkaitan dengan Efek serta jasa lain, termasuk menerima dividen, bunga, dan hak lain, menyelesaikan transaksi Efek, dan mewakili pemegang rekening yang menjadi nasabahnya. Penjelasan ini sesuai dengan ketentuan dalam Peraturan Otoritas Jasa Keuangan Nomor 1/POJK.04/2013 tentang Kustodian Efek yang diterbitkan pada tahun 2013.","
Kustodian adalah Pihak yang memberikan jasa penitipan Efek dan harta lain yang berkaitan dengan Efek serta jasa lain, termasuk menerima dividen, bunga, dan hak-hak lain, menyelesaikan transaksi Efek, dan mewakili pemegang rekening yang menjadi nasabahnya.",,1
48,"Tujuan dari Bursa Efek adalah untuk menyelenggarakan perdagangan Efek yang teratur, wajar, dan efisien, sebagaimana diatur dalam Pasal 7 ayat (1) Peraturan Pemerintah Nomor 10 Tahun 2021 tentang Penerapan Prinsip Syariah dalam Kegiatan Usaha Perusahaan Pialang Efek dan Perusahaan Manajer Investasi.","
Bursa Efek didirikan dengan tujuan menyelenggarakan perdagangan Efek yang teratur, wajar, dan efisie",,1
49,"Yang dapat menyelenggarakan kegiatan usaha sebagai Kustodian adalah Lembaga Penyimpanan dan Penyelesaian, Perusahaan Efek, atau Bank Umum yang telah mendapat persetujuan Bapepam. Hal ini diatur dalam Pasal 43 ayat (1) dari Peraturan Presiden Republik Indonesia Nomor 26 Tahun 2014 tentang Lembaga Penunjang Pasar Modal.","
Yang dapat menyelenggarakan kegiatan usaha sebagai Kustodian adalah Lembaga Penyimpanan dan Penyelesaian, Perusahaan Efek, atau Bank Umum yang telah mendapat persetujuan Bapepam.",,1
,,,,sum
,,,,42.5
